Using pre-set license
Built from '6000.0/staging' branch; Version is '6000.0.39f1 (15ea7ed0b100) revision 1436286'; Using compiler version '193933523'; Build Type 'Release'
OS: 'Windows 11  (10.0.26100) 64bit CoreSingleLanguage' Language: 'en' Physical Memory: 16085 MB
BatchMode: 1, IsHumanControllingUs: 0, StartBugReporterOnCrash: 0, Is64bit: 1, IsPro: 1

COMMAND LINE ARGUMENTS:
C:\Program Files\Unity\Hub\Editor\6000.0.39f1\Editor\Unity.exe
-adb2
-batchMode
-noUpm
-name
AssetImportWorker0
-projectPath
E:/Flappy Pokemon - APK
-logFile
Logs/AssetImportWorker0.log
-srvPort
46407
-job-worker-count
7
-background-job-worker-count
8
-gc-helper-count
1
Successfully changed project path to: E:/Flappy Pokemon - APK
E:/Flappy Pokemon - APK
[UnityMemory] Configuration Parameters - Can be set up in boot.config
    "memorysetup-bucket-allocator-granularity=16"
    "memorysetup-bucket-allocator-bucket-count=8"
    "memorysetup-bucket-allocator-block-size=33554432"
    "memorysetup-bucket-allocator-block-count=8"
    "memorysetup-main-allocator-block-size=16777216"
    "memorysetup-thread-allocator-block-size=16777216"
    "memorysetup-gfx-main-allocator-block-size=16777216"
    "memorysetup-gfx-thread-allocator-block-size=16777216"
    "memorysetup-cache-allocator-block-size=4194304"
    "memorysetup-typetree-allocator-block-size=2097152"
    "memorysetup-profiler-bucket-allocator-granularity=16"
    "memorysetup-profiler-bucket-allocator-bucket-count=8"
    "memorysetup-profiler-bucket-allocator-block-size=33554432"
    "memorysetup-profiler-bucket-allocator-block-count=8"
    "memorysetup-profiler-allocator-block-size=16777216"
    "memorysetup-profiler-editor-allocator-block-size=1048576"
    "memorysetup-temp-allocator-size-main=16777216"
    "memorysetup-job-temp-allocator-block-size=2097152"
    "memorysetup-job-temp-allocator-block-size-background=1048576"
    "memorysetup-job-temp-allocator-reduction-small-platforms=262144"
    "memorysetup-allocator-temp-initial-block-size-main=262144"
    "memorysetup-allocator-temp-initial-block-size-worker=262144"
    "memorysetup-temp-allocator-size-background-worker=32768"
    "memorysetup-temp-allocator-size-job-worker=262144"
    "memorysetup-temp-allocator-size-preload-manager=33554432"
    "memorysetup-temp-allocator-size-nav-mesh-worker=65536"
    "memorysetup-temp-allocator-size-audio-worker=65536"
    "memorysetup-temp-allocator-size-cloud-worker=32768"
    "memorysetup-temp-allocator-size-gi-baking-worker=262144"
    "memorysetup-temp-allocator-size-gi-baking-worker=262144"
    "memorysetup-temp-allocator-size-gi-baking-worker=262144"
    "memorysetup-temp-allocator-size-gi-baking-worker=262144"
    "memorysetup-temp-allocator-size-gi-baking-worker=262144"
    "memorysetup-temp-allocator-size-gfx=262144"
Player connection [13912]  Target information:

Player connection [13912]  * "[IP] 192.168.0.101 [Port] 0 [Flags] 2 [Guid] 282080287 [EditorId] 282080287 [Version] 1048832 [Id] WindowsEditor(7,DESKTOP-CDNCOOQ) [Debug] 1 [PackageName] WindowsEditor [ProjectName] Editor" 

Player connection [13912]  * "[IP] 192.168.173.1 [Port] 0 [Flags] 2 [Guid] 282080287 [EditorId] 282080287 [Version] 1048832 [Id] WindowsEditor(7,DESKTOP-CDNCOOQ) [Debug] 1 [PackageName] WindowsEditor [ProjectName] Editor" 

Player connection [13912]  * "[IP] 192.168.79.1 [Port] 0 [Flags] 2 [Guid] 282080287 [EditorId] 282080287 [Version] 1048832 [Id] WindowsEditor(7,DESKTOP-CDNCOOQ) [Debug] 1 [PackageName] WindowsEditor [ProjectName] Editor" 

Player connection [13912] Host joined multi-casting on [225.0.0.222:54997]...
Player connection [13912] Host joined alternative multi-casting on [225.0.0.222:34997]...
JobSystem: Creating JobQueue using job-worker-count value 7
Input System module state changed to: Initialized.
[Physics::Module] Initialized fallback backend.
[Physics::Module] Id: 0xdecafbad
Library Redirect Path: Library/
[Physics::Module] Selected backend.
[Physics::Module] Name: PhysX
[Physics::Module] Id: 0xf2b8ea05
[Physics::Module] SDK Version: 4.1.2
[Physics::Module] Integration Version: 1.0.0
[Physics::Module] Threading Mode: Multi-Threaded
Refreshing native plugins compatible for Editor in 9.16 ms, found 4 plugins.
Preloading 0 native plugins for Editor in 0.00 ms.
Initialize engine version: 6000.0.39f1 (15ea7ed0b100)
[Subsystems] Discovering subsystems at path C:/Program Files/Unity/Hub/Editor/6000.0.39f1/Editor/Data/Resources/UnitySubsystems
[Subsystems] Discovering subsystems at path E:/Flappy Pokemon - APK/Assets
GfxDevice: creating device client; kGfxThreadingModeNonThreaded
Direct3D:
    Version:  Direct3D 11.0 [level 11.1]
    Renderer: NVIDIA GeForce RTX 3050 Laptop GPU (ID=0x25a2)
    Vendor:   NVIDIA
    VRAM:     3965 MB
    Driver:   32.0.15.7242
Initialize mono
Mono path[0] = 'C:/Program Files/Unity/Hub/Editor/6000.0.39f1/Editor/Data/Managed'
Mono path[1] = 'C:/Program Files/Unity/Hub/Editor/6000.0.39f1/Editor/Data/MonoBleedingEdge/lib/mono/unityjit-win32'
Mono config path = 'C:/Program Files/Unity/Hub/Editor/6000.0.39f1/Editor/Data/MonoBleedingEdge/etc'
Using monoOptions --debugger-agent=transport=dt_socket,embedding=1,server=y,suspend=n,address=127.0.0.1:56188
Begin MonoManager ReloadAssembly
Registering precompiled unity dll's ...
Register platform support module: C:/Program Files/Unity/Hub/Editor/6000.0.39f1/Editor/Data/PlaybackEngines/WebGLSupport/UnityEditor.WebGL.Extensions.dll
Register platform support module: C:/Program Files/Unity/Hub/Editor/6000.0.39f1/Editor/Data/PlaybackEngines/WindowsStandaloneSupport/UnityEditor.WindowsStandalone.Extensions.dll
Register platform support module: C:/Program Files/Unity/Hub/Editor/6000.0.39f1/Editor/Data/PlaybackEngines/AndroidPlayer/UnityEditor.Android.Extensions.dll
Registered in 0.007854 seconds.
- Loaded All Assemblies, in  0.773 seconds
Native extension for Android target not found
Android Extension - Scanning For ADB Devices 633 ms
Native extension for WindowsStandalone target not found
Native extension for WebGL target not found
Mono: successfully reloaded assembly
- Finished resetting the current domain, in  1.244 seconds
Domain Reload Profiling: 2012ms
	BeginReloadAssembly (247ms)
		ExecutionOrderSort (0ms)
		DisableScriptedObjects (0ms)
		BackupInstance (0ms)
		ReleaseScriptingObjects (0ms)
		CreateAndSetChildDomain (1ms)
	RebuildCommonClasses (61ms)
	RebuildNativeTypeToScriptingClass (18ms)
	initialDomainReloadingComplete (89ms)
	LoadAllAssembliesAndSetupDomain (354ms)
		LoadAssemblies (243ms)
		RebuildTransferFunctionScriptingTraits (0ms)
		AnalyzeDomain (347ms)
			TypeCache.Refresh (344ms)
				TypeCache.ScanAssembly (314ms)
			BuildScriptInfoCaches (0ms)
			ResolveRequiredComponents (1ms)
	FinalizeReload (1244ms)
		ReleaseScriptCaches (0ms)
		RebuildScriptCaches (0ms)
		SetupLoadedEditorAssemblies (1158ms)
			LogAssemblyErrors (0ms)
			InitializePlatformSupportModulesInManaged (803ms)
			SetLoadedEditorAssemblies (6ms)
			BeforeProcessingInitializeOnLoad (80ms)
			ProcessInitializeOnLoadAttributes (174ms)
			ProcessInitializeOnLoadMethodAttributes (95ms)
			AfterProcessingInitializeOnLoad (0ms)
			EditorAssembliesLoaded (0ms)
		ExecutionOrderSort2 (0ms)
		AwakeInstancesAfterBackupRestoration (0ms)
========================================================================
Worker process is ready to serve import requests
Import Worker Mode flag is 0x00
Begin MonoManager ReloadAssembly
- Loaded All Assemblies, in  1.521 seconds
Refreshing native plugins compatible for Editor in 7.06 ms, found 4 plugins.
Native extension for Android target not found
Native extension for WindowsStandalone target not found
Native extension for WebGL target not found
Mono: successfully reloaded assembly
Package Manager log level set to [2]
[Package Manager] Failed to launch server process. Reason: Unity was launched with the -noUpm command-line argument
[Package Manager] Unable to send message (not connected to server process).
[Package Manager] Cannot connect to Unity Package Manager local server
[Package Manager] Failed to launch server process. Reason: Unity was launched with the -noUpm command-line argument
[Package Manager] Unable to send message (not connected to server process).
[Package Manager] Cannot connect to Unity Package Manager local server
- Finished resetting the current domain, in  1.834 seconds
Domain Reload Profiling: 3349ms
	BeginReloadAssembly (300ms)
		ExecutionOrderSort (0ms)
		DisableScriptedObjects (10ms)
		BackupInstance (0ms)
		ReleaseScriptingObjects (0ms)
		CreateAndSetChildDomain (50ms)
	RebuildCommonClasses (72ms)
	RebuildNativeTypeToScriptingClass (23ms)
	initialDomainReloadingComplete (67ms)
	LoadAllAssembliesAndSetupDomain (1053ms)
		LoadAssemblies (774ms)
		RebuildTransferFunctionScriptingTraits (0ms)
		AnalyzeDomain (463ms)
			TypeCache.Refresh (339ms)
				TypeCache.ScanAssembly (307ms)
			BuildScriptInfoCaches (100ms)
			ResolveRequiredComponents (18ms)
	FinalizeReload (1835ms)
		ReleaseScriptCaches (0ms)
		RebuildScriptCaches (0ms)
		SetupLoadedEditorAssemblies (1573ms)
			LogAssemblyErrors (0ms)
			InitializePlatformSupportModulesInManaged (21ms)
			SetLoadedEditorAssemblies (12ms)
			BeforeProcessingInitializeOnLoad (318ms)
			ProcessInitializeOnLoadAttributes (1024ms)
			ProcessInitializeOnLoadMethodAttributes (188ms)
			AfterProcessingInitializeOnLoad (11ms)
			EditorAssembliesLoaded (1ms)
		ExecutionOrderSort2 (0ms)
		AwakeInstancesAfterBackupRestoration (11ms)
Launched and connected shader compiler UnityShaderCompiler.exe after 0.03 seconds
Refreshing native plugins compatible for Editor in 21.00 ms, found 4 plugins.
Preloading 0 native plugins for Editor in 0.00 ms.
Unloading 220 Unused Serialized files (Serialized files now loaded: 0)
Unloading 6906 unused Assets / (5.1 MB). Loaded Objects now: 7602.
Memory consumption went from 180.1 MB to 175.0 MB.
Total: 41.891200 ms (FindLiveObjects: 6.982600 ms CreateObjectMapping: 4.751700 ms MarkObjects: 22.057700 ms  DeleteObjects: 8.097000 ms)

========================================================================
Received Import Request.
  Time since last request: 16486.644539 seconds.
  path: Assets/Animations
  artifactKey: Guid(cb1f3950587599a4c9d5df2a155443c7) Importer(815301076,1909f56bfc062723c751e8b465ee728b)
Start importing Assets/Animations using Guid(cb1f3950587599a4c9d5df2a155443c7) Importer(815301076,1909f56bfc062723c751e8b465ee728b) (PreviewImporter) -> (artifact id: '69a8e888e646f6bfdf531366e42fd88b') in 0.0266355 seconds
Number of updated asset objects reloaded before import = 0Number of asset objects unloaded after import = 0

========================================================================
Received Prepare
Begin MonoManager ReloadAssembly
- Loaded All Assemblies, in  1.418 seconds
Refreshing native plugins compatible for Editor in 6.94 ms, found 4 plugins.
Native extension for Android target not found
Native extension for WindowsStandalone target not found
Native extension for WebGL target not found
Mono: successfully reloaded assembly
[Package Manager] Failed to launch server process. Reason: Unity was launched with the -noUpm command-line argument
[Package Manager] Unable to send message (not connected to server process).
[Package Manager] Cannot connect to Unity Package Manager local server
- Finished resetting the current domain, in  1.853 seconds
Domain Reload Profiling: 3270ms
	BeginReloadAssembly (371ms)
		ExecutionOrderSort (0ms)
		DisableScriptedObjects (23ms)
		BackupInstance (0ms)
		ReleaseScriptingObjects (0ms)
		CreateAndSetChildDomain (96ms)
	RebuildCommonClasses (62ms)
	RebuildNativeTypeToScriptingClass (30ms)
	initialDomainReloadingComplete (55ms)
	LoadAllAssembliesAndSetupDomain (899ms)
		LoadAssemblies (754ms)
		RebuildTransferFunctionScriptingTraits (0ms)
		AnalyzeDomain (334ms)
			TypeCache.Refresh (13ms)
				TypeCache.ScanAssembly (0ms)
			BuildScriptInfoCaches (295ms)
			ResolveRequiredComponents (18ms)
	FinalizeReload (1854ms)
		ReleaseScriptCaches (0ms)
		RebuildScriptCaches (0ms)
		SetupLoadedEditorAssemblies (1476ms)
			LogAssemblyErrors (0ms)
			InitializePlatformSupportModulesInManaged (22ms)
			SetLoadedEditorAssemblies (13ms)
			BeforeProcessingInitializeOnLoad (365ms)
			ProcessInitializeOnLoadAttributes (936ms)
			ProcessInitializeOnLoadMethodAttributes (127ms)
			AfterProcessingInitializeOnLoad (13ms)
			EditorAssembliesLoaded (1ms)
		ExecutionOrderSort2 (0ms)
		AwakeInstancesAfterBackupRestoration (28ms)
Refreshing native plugins compatible for Editor in 17.62 ms, found 4 plugins.
Preloading 0 native plugins for Editor in 0.00 ms.
Unloading 13 Unused Serialized files (Serialized files now loaded: 0)
Unloading 6904 unused Assets / (5.0 MB). Loaded Objects now: 7607.
Memory consumption went from 147.6 MB to 142.6 MB.
Total: 36.228500 ms (FindLiveObjects: 1.341600 ms CreateObjectMapping: 1.687100 ms MarkObjects: 23.685200 ms  DeleteObjects: 9.511800 ms)

Prepare: number of updated asset objects reloaded= 0
========================================================================
Received Prepare
Begin MonoManager ReloadAssembly
- Loaded All Assemblies, in  1.410 seconds
Refreshing native plugins compatible for Editor in 9.07 ms, found 4 plugins.
Native extension for Android target not found
Native extension for WindowsStandalone target not found
Native extension for WebGL target not found
Mono: successfully reloaded assembly
[Package Manager] Failed to launch server process. Reason: Unity was launched with the -noUpm command-line argument
[Package Manager] Unable to send message (not connected to server process).
[Package Manager] Cannot connect to Unity Package Manager local server
- Finished resetting the current domain, in  1.746 seconds
Domain Reload Profiling: 3157ms
	BeginReloadAssembly (356ms)
		ExecutionOrderSort (0ms)
		DisableScriptedObjects (21ms)
		BackupInstance (0ms)
		ReleaseScriptingObjects (0ms)
		CreateAndSetChildDomain (80ms)
	RebuildCommonClasses (71ms)
	RebuildNativeTypeToScriptingClass (26ms)
	initialDomainReloadingComplete (53ms)
	LoadAllAssembliesAndSetupDomain (903ms)
		LoadAssemblies (738ms)
		RebuildTransferFunctionScriptingTraits (0ms)
		AnalyzeDomain (355ms)
			TypeCache.Refresh (13ms)
				TypeCache.ScanAssembly (0ms)
			BuildScriptInfoCaches (315ms)
			ResolveRequiredComponents (20ms)
	FinalizeReload (1747ms)
		ReleaseScriptCaches (0ms)
		RebuildScriptCaches (0ms)
		SetupLoadedEditorAssemblies (1408ms)
			LogAssemblyErrors (0ms)
			InitializePlatformSupportModulesInManaged (23ms)
			SetLoadedEditorAssemblies (12ms)
			BeforeProcessingInitializeOnLoad (355ms)
			ProcessInitializeOnLoadAttributes (894ms)
			ProcessInitializeOnLoadMethodAttributes (112ms)
			AfterProcessingInitializeOnLoad (13ms)
			EditorAssembliesLoaded (1ms)
		ExecutionOrderSort2 (0ms)
		AwakeInstancesAfterBackupRestoration (25ms)
Refreshing native plugins compatible for Editor in 15.37 ms, found 4 plugins.
Preloading 0 native plugins for Editor in 0.00 ms.
Unloading 13 Unused Serialized files (Serialized files now loaded: 0)
Unloading 6904 unused Assets / (4.8 MB). Loaded Objects now: 7609.
Memory consumption went from 147.6 MB to 142.8 MB.
Total: 26.914500 ms (FindLiveObjects: 1.370300 ms CreateObjectMapping: 1.783300 ms MarkObjects: 16.512300 ms  DeleteObjects: 7.246400 ms)

Prepare: number of updated asset objects reloaded= 0
========================================================================
Received Import Request.
  Time since last request: 82.924473 seconds.
  path: Assets/Images/Charizard_Flying.anim
  artifactKey: Guid(683d40d44cc57504a8b6d6ebd63472df) Importer(815301076,1909f56bfc062723c751e8b465ee728b)
Start importing Assets/Images/Charizard_Flying.anim using Guid(683d40d44cc57504a8b6d6ebd63472df) Importer(815301076,1909f56bfc062723c751e8b465ee728b) (PreviewImporter) -> (artifact id: '8cc2fb629a9f50e58d551557c12d0937') in 0.0435091 seconds
Number of updated asset objects reloaded before import = 0Number of asset objects unloaded after import = 1

========================================================================
Received Prepare
Begin MonoManager ReloadAssembly
- Loaded All Assemblies, in  1.662 seconds
Refreshing native plugins compatible for Editor in 8.95 ms, found 4 plugins.
Native extension for Android target not found
Native extension for WindowsStandalone target not found
Native extension for WebGL target not found
Mono: successfully reloaded assembly
[Package Manager] Failed to launch server process. Reason: Unity was launched with the -noUpm command-line argument
[Package Manager] Unable to send message (not connected to server process).
[Package Manager] Cannot connect to Unity Package Manager local server
- Finished resetting the current domain, in  2.028 seconds
Domain Reload Profiling: 3694ms
	BeginReloadAssembly (402ms)
		ExecutionOrderSort (0ms)
		DisableScriptedObjects (31ms)
		BackupInstance (0ms)
		ReleaseScriptingObjects (0ms)
		CreateAndSetChildDomain (107ms)
	RebuildCommonClasses (62ms)
	RebuildNativeTypeToScriptingClass (22ms)
	initialDomainReloadingComplete (49ms)
	LoadAllAssembliesAndSetupDomain (1131ms)
		LoadAssemblies (823ms)
		RebuildTransferFunctionScriptingTraits (0ms)
		AnalyzeDomain (494ms)
			TypeCache.Refresh (33ms)
				TypeCache.ScanAssembly (2ms)
			BuildScriptInfoCaches (426ms)
			ResolveRequiredComponents (28ms)
	FinalizeReload (2029ms)
		ReleaseScriptCaches (0ms)
		RebuildScriptCaches (0ms)
		SetupLoadedEditorAssemblies (1577ms)
			LogAssemblyErrors (0ms)
			InitializePlatformSupportModulesInManaged (27ms)
			SetLoadedEditorAssemblies (15ms)
			BeforeProcessingInitializeOnLoad (444ms)
			ProcessInitializeOnLoadAttributes (955ms)
			ProcessInitializeOnLoadMethodAttributes (124ms)
			AfterProcessingInitializeOnLoad (12ms)
			EditorAssembliesLoaded (1ms)
		ExecutionOrderSort2 (0ms)
		AwakeInstancesAfterBackupRestoration (29ms)
Refreshing native plugins compatible for Editor in 19.28 ms, found 4 plugins.
Preloading 0 native plugins for Editor in 0.00 ms.
Unloading 13 Unused Serialized files (Serialized files now loaded: 0)
Unloading 6904 unused Assets / (5.3 MB). Loaded Objects now: 7612.
Memory consumption went from 147.6 MB to 142.4 MB.
Total: 33.443500 ms (FindLiveObjects: 1.833900 ms CreateObjectMapping: 2.471000 ms MarkObjects: 17.231700 ms  DeleteObjects: 11.904100 ms)

Prepare: number of updated asset objects reloaded= 0
========================================================================
Received Prepare
Begin MonoManager ReloadAssembly
- Loaded All Assemblies, in  1.857 seconds
Refreshing native plugins compatible for Editor in 8.18 ms, found 4 plugins.
Native extension for Android target not found
Native extension for WindowsStandalone target not found
Native extension for WebGL target not found
Mono: successfully reloaded assembly
[Package Manager] Failed to launch server process. Reason: Unity was launched with the -noUpm command-line argument
[Package Manager] Unable to send message (not connected to server process).
[Package Manager] Cannot connect to Unity Package Manager local server
- Finished resetting the current domain, in  2.549 seconds
Domain Reload Profiling: 4402ms
	BeginReloadAssembly (438ms)
		ExecutionOrderSort (0ms)
		DisableScriptedObjects (36ms)
		BackupInstance (0ms)
		ReleaseScriptingObjects (0ms)
		CreateAndSetChildDomain (119ms)
	RebuildCommonClasses (88ms)
	RebuildNativeTypeToScriptingClass (27ms)
	initialDomainReloadingComplete (58ms)
	LoadAllAssembliesAndSetupDomain (1241ms)
		LoadAssemblies (895ms)
		RebuildTransferFunctionScriptingTraits (0ms)
		AnalyzeDomain (552ms)
			TypeCache.Refresh (18ms)
				TypeCache.ScanAssembly (0ms)
			BuildScriptInfoCaches (491ms)
			ResolveRequiredComponents (33ms)
	FinalizeReload (2550ms)
		ReleaseScriptCaches (0ms)
		RebuildScriptCaches (0ms)
		SetupLoadedEditorAssemblies (2067ms)
			LogAssemblyErrors (0ms)
			InitializePlatformSupportModulesInManaged (31ms)
			SetLoadedEditorAssemblies (19ms)
			BeforeProcessingInitializeOnLoad (556ms)
			ProcessInitializeOnLoadAttributes (1274ms)
			ProcessInitializeOnLoadMethodAttributes (170ms)
			AfterProcessingInitializeOnLoad (15ms)
			EditorAssembliesLoaded (1ms)
		ExecutionOrderSort2 (0ms)
		AwakeInstancesAfterBackupRestoration (28ms)
Refreshing native plugins compatible for Editor in 42.17 ms, found 4 plugins.
Preloading 0 native plugins for Editor in 0.00 ms.
Unloading 13 Unused Serialized files (Serialized files now loaded: 0)
Unloading 6904 unused Assets / (7.8 MB). Loaded Objects now: 7614.
Memory consumption went from 147.7 MB to 139.8 MB.
Total: 100.637000 ms (FindLiveObjects: 5.661900 ms CreateObjectMapping: 7.688500 ms MarkObjects: 53.924900 ms  DeleteObjects: 33.357400 ms)

Prepare: number of updated asset objects reloaded= 0
========================================================================
Received Import Request.
  Time since last request: 240.888034 seconds.
  path: Assets/Images/Dragon_1 1.controller
  artifactKey: Guid(93d97df948d283648b991fd37f0da136) Importer(815301076,1909f56bfc062723c751e8b465ee728b)
Start importing Assets/Images/Dragon_1 1.controller using Guid(93d97df948d283648b991fd37f0da136) Importer(815301076,1909f56bfc062723c751e8b465ee728b) (PreviewImporter) -> (artifact id: '00aac2d8ee9e4616f2dfe6da25ecd3e2') in 0.0464324 seconds
Number of updated asset objects reloaded before import = 0Number of asset objects unloaded after import = 4

========================================================================
Received Prepare
Begin MonoManager ReloadAssembly
- Loaded All Assemblies, in  1.609 seconds
Refreshing native plugins compatible for Editor in 9.83 ms, found 4 plugins.
Native extension for Android target not found
Native extension for WindowsStandalone target not found
Native extension for WebGL target not found
Mono: successfully reloaded assembly
[Package Manager] Failed to launch server process. Reason: Unity was launched with the -noUpm command-line argument
[Package Manager] Unable to send message (not connected to server process).
[Package Manager] Cannot connect to Unity Package Manager local server
- Finished resetting the current domain, in  2.360 seconds
Domain Reload Profiling: 3969ms
	BeginReloadAssembly (407ms)
		ExecutionOrderSort (0ms)
		DisableScriptedObjects (27ms)
		BackupInstance (0ms)
		ReleaseScriptingObjects (0ms)
		CreateAndSetChildDomain (106ms)
	RebuildCommonClasses (73ms)
	RebuildNativeTypeToScriptingClass (32ms)
	initialDomainReloadingComplete (56ms)
	LoadAllAssembliesAndSetupDomain (1041ms)
		LoadAssemblies (821ms)
		RebuildTransferFunctionScriptingTraits (0ms)
		AnalyzeDomain (423ms)
			TypeCache.Refresh (14ms)
				TypeCache.ScanAssembly (0ms)
			BuildScriptInfoCaches (377ms)
			ResolveRequiredComponents (25ms)
	FinalizeReload (2361ms)
		ReleaseScriptCaches (0ms)
		RebuildScriptCaches (0ms)
		SetupLoadedEditorAssemblies (1908ms)
			LogAssemblyErrors (0ms)
			InitializePlatformSupportModulesInManaged (24ms)
			SetLoadedEditorAssemblies (15ms)
			BeforeProcessingInitializeOnLoad (503ms)
			ProcessInitializeOnLoadAttributes (1216ms)
			ProcessInitializeOnLoadMethodAttributes (140ms)
			AfterProcessingInitializeOnLoad (9ms)
			EditorAssembliesLoaded (1ms)
		ExecutionOrderSort2 (0ms)
		AwakeInstancesAfterBackupRestoration (28ms)
Refreshing native plugins compatible for Editor in 17.68 ms, found 4 plugins.
Preloading 0 native plugins for Editor in 0.00 ms.
Unloading 13 Unused Serialized files (Serialized files now loaded: 0)
Unloading 6904 unused Assets / (4.3 MB). Loaded Objects now: 7616.
Memory consumption went from 147.7 MB to 143.3 MB.
Total: 48.765600 ms (FindLiveObjects: 3.427200 ms CreateObjectMapping: 7.980000 ms MarkObjects: 27.831400 ms  DeleteObjects: 9.524900 ms)

Prepare: number of updated asset objects reloaded= 0
========================================================================
Received Prepare
Begin MonoManager ReloadAssembly
- Loaded All Assemblies, in  1.611 seconds
Refreshing native plugins compatible for Editor in 9.54 ms, found 4 plugins.
Native extension for Android target not found
Native extension for WindowsStandalone target not found
Native extension for WebGL target not found
Mono: successfully reloaded assembly
[Package Manager] Failed to launch server process. Reason: Unity was launched with the -noUpm command-line argument
[Package Manager] Unable to send message (not connected to server process).
[Package Manager] Cannot connect to Unity Package Manager local server
- Finished resetting the current domain, in  2.221 seconds
Domain Reload Profiling: 3833ms
	BeginReloadAssembly (388ms)
		ExecutionOrderSort (0ms)
		DisableScriptedObjects (26ms)
		BackupInstance (0ms)
		ReleaseScriptingObjects (1ms)
		CreateAndSetChildDomain (102ms)
	RebuildCommonClasses (65ms)
	RebuildNativeTypeToScriptingClass (26ms)
	initialDomainReloadingComplete (49ms)
	LoadAllAssembliesAndSetupDomain (1083ms)
		LoadAssemblies (791ms)
		RebuildTransferFunctionScriptingTraits (0ms)
		AnalyzeDomain (473ms)
			TypeCache.Refresh (14ms)
				TypeCache.ScanAssembly (0ms)
			BuildScriptInfoCaches (419ms)
			ResolveRequiredComponents (29ms)
	FinalizeReload (2222ms)
		ReleaseScriptCaches (0ms)
		RebuildScriptCaches (0ms)
		SetupLoadedEditorAssemblies (1785ms)
			LogAssemblyErrors (0ms)
			InitializePlatformSupportModulesInManaged (26ms)
			SetLoadedEditorAssemblies (15ms)
			BeforeProcessingInitializeOnLoad (450ms)
			ProcessInitializeOnLoadAttributes (1143ms)
			ProcessInitializeOnLoadMethodAttributes (140ms)
			AfterProcessingInitializeOnLoad (11ms)
			EditorAssembliesLoaded (1ms)
		ExecutionOrderSort2 (0ms)
		AwakeInstancesAfterBackupRestoration (40ms)
Refreshing native plugins compatible for Editor in 119.31 ms, found 4 plugins.
Preloading 0 native plugins for Editor in 0.00 ms.
Unloading 13 Unused Serialized files (Serialized files now loaded: 0)
Unloading 6904 unused Assets / (6.7 MB). Loaded Objects now: 7618.
Memory consumption went from 147.7 MB to 141.0 MB.
Total: 59.266100 ms (FindLiveObjects: 7.008900 ms CreateObjectMapping: 2.174700 ms MarkObjects: 23.107600 ms  DeleteObjects: 26.971000 ms)

Prepare: number of updated asset objects reloaded= 0
========================================================================
Received Prepare
Begin MonoManager ReloadAssembly
- Loaded All Assemblies, in  1.994 seconds
Refreshing native plugins compatible for Editor in 9.04 ms, found 4 plugins.
Native extension for Android target not found
Native extension for WindowsStandalone target not found
Native extension for WebGL target not found
Mono: successfully reloaded assembly
[Package Manager] Failed to launch server process. Reason: Unity was launched with the -noUpm command-line argument
[Package Manager] Unable to send message (not connected to server process).
[Package Manager] Cannot connect to Unity Package Manager local server
- Finished resetting the current domain, in  2.411 seconds
Domain Reload Profiling: 4401ms
	BeginReloadAssembly (444ms)
		ExecutionOrderSort (0ms)
		DisableScriptedObjects (32ms)
		BackupInstance (0ms)
		ReleaseScriptingObjects (0ms)
		CreateAndSetChildDomain (120ms)
	RebuildCommonClasses (183ms)
	RebuildNativeTypeToScriptingClass (88ms)
	initialDomainReloadingComplete (89ms)
	LoadAllAssembliesAndSetupDomain (1184ms)
		LoadAssemblies (902ms)
		RebuildTransferFunctionScriptingTraits (0ms)
		AnalyzeDomain (494ms)
			TypeCache.Refresh (18ms)
				TypeCache.ScanAssembly (0ms)
			BuildScriptInfoCaches (438ms)
			ResolveRequiredComponents (27ms)
	FinalizeReload (2412ms)
		ReleaseScriptCaches (0ms)
		RebuildScriptCaches (0ms)
		SetupLoadedEditorAssemblies (1932ms)
			LogAssemblyErrors (0ms)
			InitializePlatformSupportModulesInManaged (26ms)
			SetLoadedEditorAssemblies (15ms)
			BeforeProcessingInitializeOnLoad (480ms)
			ProcessInitializeOnLoadAttributes (1229ms)
			ProcessInitializeOnLoadMethodAttributes (167ms)
			AfterProcessingInitializeOnLoad (16ms)
			EditorAssembliesLoaded (1ms)
		ExecutionOrderSort2 (0ms)
		AwakeInstancesAfterBackupRestoration (34ms)
Refreshing native plugins compatible for Editor in 16.73 ms, found 4 plugins.
Preloading 0 native plugins for Editor in 0.00 ms.
Unloading 13 Unused Serialized files (Serialized files now loaded: 0)
Unloading 6904 unused Assets / (3.9 MB). Loaded Objects now: 7620.
Memory consumption went from 147.7 MB to 143.7 MB.
Total: 88.278100 ms (FindLiveObjects: 14.104800 ms CreateObjectMapping: 31.464300 ms MarkObjects: 34.999200 ms  DeleteObjects: 7.706100 ms)

Prepare: number of updated asset objects reloaded= 0
========================================================================
Received Prepare
Begin MonoManager ReloadAssembly
- Loaded All Assemblies, in  1.702 seconds
Refreshing native plugins compatible for Editor in 11.49 ms, found 4 plugins.
Native extension for Android target not found
Native extension for WindowsStandalone target not found
Native extension for WebGL target not found
Mono: successfully reloaded assembly
[Package Manager] Failed to launch server process. Reason: Unity was launched with the -noUpm command-line argument
[Package Manager] Unable to send message (not connected to server process).
[Package Manager] Cannot connect to Unity Package Manager local server
- Finished resetting the current domain, in  2.039 seconds
Domain Reload Profiling: 3744ms
	BeginReloadAssembly (458ms)
		ExecutionOrderSort (0ms)
		DisableScriptedObjects (33ms)
		BackupInstance (0ms)
		ReleaseScriptingObjects (0ms)
		CreateAndSetChildDomain (111ms)
	RebuildCommonClasses (80ms)
	RebuildNativeTypeToScriptingClass (29ms)
	initialDomainReloadingComplete (63ms)
	LoadAllAssembliesAndSetupDomain (1073ms)
		LoadAssemblies (834ms)
		RebuildTransferFunctionScriptingTraits (0ms)
		AnalyzeDomain (473ms)
			TypeCache.Refresh (23ms)
				TypeCache.ScanAssembly (2ms)
			BuildScriptInfoCaches (420ms)
			ResolveRequiredComponents (22ms)
	FinalizeReload (2040ms)
		ReleaseScriptCaches (0ms)
		RebuildScriptCaches (0ms)
		SetupLoadedEditorAssemblies (1600ms)
			LogAssemblyErrors (0ms)
			InitializePlatformSupportModulesInManaged (23ms)
			SetLoadedEditorAssemblies (15ms)
			BeforeProcessingInitializeOnLoad (378ms)
			ProcessInitializeOnLoadAttributes (1051ms)
			ProcessInitializeOnLoadMethodAttributes (119ms)
			AfterProcessingInitializeOnLoad (13ms)
			EditorAssembliesLoaded (1ms)
		ExecutionOrderSort2 (0ms)
		AwakeInstancesAfterBackupRestoration (30ms)
Refreshing native plugins compatible for Editor in 23.35 ms, found 4 plugins.
Preloading 0 native plugins for Editor in 0.00 ms.
Unloading 13 Unused Serialized files (Serialized files now loaded: 0)
Unloading 6904 unused Assets / (4.4 MB). Loaded Objects now: 7622.
Memory consumption went from 147.7 MB to 143.3 MB.
Total: 50.816600 ms (FindLiveObjects: 6.291000 ms CreateObjectMapping: 2.386500 ms MarkObjects: 33.055900 ms  DeleteObjects: 9.080700 ms)

Prepare: number of updated asset objects reloaded= 0
========================================================================
Received Prepare
Begin MonoManager ReloadAssembly
- Loaded All Assemblies, in  1.674 seconds
Refreshing native plugins compatible for Editor in 11.00 ms, found 4 plugins.
Native extension for Android target not found
Native extension for WindowsStandalone target not found
Native extension for WebGL target not found
Mono: successfully reloaded assembly
[Package Manager] Failed to launch server process. Reason: Unity was launched with the -noUpm command-line argument
[Package Manager] Unable to send message (not connected to server process).
[Package Manager] Cannot connect to Unity Package Manager local server
- Finished resetting the current domain, in  2.198 seconds
Domain Reload Profiling: 3873ms
	BeginReloadAssembly (419ms)
		ExecutionOrderSort (0ms)
		DisableScriptedObjects (28ms)
		BackupInstance (0ms)
		ReleaseScriptingObjects (0ms)
		CreateAndSetChildDomain (100ms)
	RebuildCommonClasses (90ms)
	RebuildNativeTypeToScriptingClass (26ms)
	initialDomainReloadingComplete (62ms)
	LoadAllAssembliesAndSetupDomain (1075ms)
		LoadAssemblies (881ms)
		RebuildTransferFunctionScriptingTraits (0ms)
		AnalyzeDomain (420ms)
			TypeCache.Refresh (15ms)
				TypeCache.ScanAssembly (0ms)
			BuildScriptInfoCaches (374ms)
			ResolveRequiredComponents (21ms)
	FinalizeReload (2200ms)
		ReleaseScriptCaches (0ms)
		RebuildScriptCaches (0ms)
		SetupLoadedEditorAssemblies (1814ms)
			LogAssemblyErrors (0ms)
			InitializePlatformSupportModulesInManaged (25ms)
			SetLoadedEditorAssemblies (15ms)
			BeforeProcessingInitializeOnLoad (439ms)
			ProcessInitializeOnLoadAttributes (1189ms)
			ProcessInitializeOnLoadMethodAttributes (135ms)
			AfterProcessingInitializeOnLoad (12ms)
			EditorAssembliesLoaded (1ms)
		ExecutionOrderSort2 (0ms)
		AwakeInstancesAfterBackupRestoration (27ms)
Refreshing native plugins compatible for Editor in 28.05 ms, found 4 plugins.
Preloading 0 native plugins for Editor in 0.00 ms.
Unloading 13 Unused Serialized files (Serialized files now loaded: 0)
Unloading 6904 unused Assets / (7.5 MB). Loaded Objects now: 7624.
Memory consumption went from 147.7 MB to 140.2 MB.
Total: 64.285100 ms (FindLiveObjects: 6.453700 ms CreateObjectMapping: 7.989000 ms MarkObjects: 21.556900 ms  DeleteObjects: 28.283300 ms)

Prepare: number of updated asset objects reloaded= 0
========================================================================
Received Prepare
Begin MonoManager ReloadAssembly
- Loaded All Assemblies, in  1.603 seconds
Refreshing native plugins compatible for Editor in 10.94 ms, found 4 plugins.
Native extension for Android target not found
Native extension for WindowsStandalone target not found
Native extension for WebGL target not found
Mono: successfully reloaded assembly
[Package Manager] Failed to launch server process. Reason: Unity was launched with the -noUpm command-line argument
[Package Manager] Unable to send message (not connected to server process).
[Package Manager] Cannot connect to Unity Package Manager local server
- Finished resetting the current domain, in  2.418 seconds
Domain Reload Profiling: 4024ms
	BeginReloadAssembly (423ms)
		ExecutionOrderSort (0ms)
		DisableScriptedObjects (31ms)
		BackupInstance (0ms)
		ReleaseScriptingObjects (0ms)
		CreateAndSetChildDomain (98ms)
	RebuildCommonClasses (80ms)
	RebuildNativeTypeToScriptingClass (24ms)
	initialDomainReloadingComplete (53ms)
	LoadAllAssembliesAndSetupDomain (1025ms)
		LoadAssemblies (822ms)
		RebuildTransferFunctionScriptingTraits (0ms)
		AnalyzeDomain (419ms)
			TypeCache.Refresh (27ms)
				TypeCache.ScanAssembly (2ms)
			BuildScriptInfoCaches (362ms)
			ResolveRequiredComponents (22ms)
	FinalizeReload (2419ms)
		ReleaseScriptCaches (0ms)
		RebuildScriptCaches (0ms)
		SetupLoadedEditorAssemblies (1907ms)
			LogAssemblyErrors (0ms)
			InitializePlatformSupportModulesInManaged (30ms)
			SetLoadedEditorAssemblies (13ms)
			BeforeProcessingInitializeOnLoad (474ms)
			ProcessInitializeOnLoadAttributes (1227ms)
			ProcessInitializeOnLoadMethodAttributes (153ms)
			AfterProcessingInitializeOnLoad (10ms)
			EditorAssembliesLoaded (1ms)
		ExecutionOrderSort2 (0ms)
		AwakeInstancesAfterBackupRestoration (33ms)
Refreshing native plugins compatible for Editor in 24.21 ms, found 4 plugins.
Preloading 0 native plugins for Editor in 0.00 ms.
Unloading 13 Unused Serialized files (Serialized files now loaded: 0)
Unloading 6904 unused Assets / (5.3 MB). Loaded Objects now: 7626.
Memory consumption went from 147.7 MB to 142.4 MB.
Total: 59.367400 ms (FindLiveObjects: 4.899400 ms CreateObjectMapping: 11.245100 ms MarkObjects: 22.915600 ms  DeleteObjects: 20.304700 ms)

Prepare: number of updated asset objects reloaded= 0
========================================================================
Received Prepare
Begin MonoManager ReloadAssembly
- Loaded All Assemblies, in  1.695 seconds
Refreshing native plugins compatible for Editor in 11.43 ms, found 4 plugins.
Native extension for Android target not found
Native extension for WindowsStandalone target not found
Native extension for WebGL target not found
Mono: successfully reloaded assembly
[Package Manager] Failed to launch server process. Reason: Unity was launched with the -noUpm command-line argument
[Package Manager] Unable to send message (not connected to server process).
[Package Manager] Cannot connect to Unity Package Manager local server
- Finished resetting the current domain, in  2.370 seconds
Domain Reload Profiling: 4064ms
	BeginReloadAssembly (417ms)
		ExecutionOrderSort (0ms)
		DisableScriptedObjects (31ms)
		BackupInstance (0ms)
		ReleaseScriptingObjects (0ms)
		CreateAndSetChildDomain (99ms)
	RebuildCommonClasses (109ms)
	RebuildNativeTypeToScriptingClass (24ms)
	initialDomainReloadingComplete (63ms)
	LoadAllAssembliesAndSetupDomain (1080ms)
		LoadAssemblies (861ms)
		RebuildTransferFunctionScriptingTraits (0ms)
		AnalyzeDomain (436ms)
			TypeCache.Refresh (18ms)
				TypeCache.ScanAssembly (0ms)
			BuildScriptInfoCaches (383ms)
			ResolveRequiredComponents (23ms)
	FinalizeReload (2371ms)
		ReleaseScriptCaches (0ms)
		RebuildScriptCaches (0ms)
		SetupLoadedEditorAssemblies (1889ms)
			LogAssemblyErrors (0ms)
			InitializePlatformSupportModulesInManaged (24ms)
			SetLoadedEditorAssemblies (14ms)
			BeforeProcessingInitializeOnLoad (423ms)
			ProcessInitializeOnLoadAttributes (1262ms)
			ProcessInitializeOnLoadMethodAttributes (146ms)
			AfterProcessingInitializeOnLoad (19ms)
			EditorAssembliesLoaded (1ms)
		ExecutionOrderSort2 (0ms)
		AwakeInstancesAfterBackupRestoration (32ms)
Refreshing native plugins compatible for Editor in 30.17 ms, found 4 plugins.
Preloading 0 native plugins for Editor in 0.00 ms.
Unloading 13 Unused Serialized files (Serialized files now loaded: 0)
Unloading 6904 unused Assets / (6.3 MB). Loaded Objects now: 7628.
Memory consumption went from 147.7 MB to 141.4 MB.
Total: 65.903100 ms (FindLiveObjects: 8.760300 ms CreateObjectMapping: 14.097900 ms MarkObjects: 23.662200 ms  DeleteObjects: 19.379500 ms)

Prepare: number of updated asset objects reloaded= 0
========================================================================
Received Prepare
Begin MonoManager ReloadAssembly
- Loaded All Assemblies, in  2.216 seconds
Refreshing native plugins compatible for Editor in 15.28 ms, found 4 plugins.
Native extension for Android target not found
Native extension for WindowsStandalone target not found
Native extension for WebGL target not found
Mono: successfully reloaded assembly
[Package Manager] Failed to launch server process. Reason: Unity was launched with the -noUpm command-line argument
[Package Manager] Unable to send message (not connected to server process).
[Package Manager] Cannot connect to Unity Package Manager local server
- Finished resetting the current domain, in  3.008 seconds
Domain Reload Profiling: 5224ms
	BeginReloadAssembly (569ms)
		ExecutionOrderSort (0ms)
		DisableScriptedObjects (55ms)
		BackupInstance (0ms)
		ReleaseScriptingObjects (0ms)
		CreateAndSetChildDomain (176ms)
	RebuildCommonClasses (101ms)
	RebuildNativeTypeToScriptingClass (33ms)
	initialDomainReloadingComplete (72ms)
	LoadAllAssembliesAndSetupDomain (1440ms)
		LoadAssemblies (993ms)
		RebuildTransferFunctionScriptingTraits (0ms)
		AnalyzeDomain (687ms)
			TypeCache.Refresh (38ms)
				TypeCache.ScanAssembly (4ms)
			BuildScriptInfoCaches (596ms)
			ResolveRequiredComponents (43ms)
	FinalizeReload (3009ms)
		ReleaseScriptCaches (0ms)
		RebuildScriptCaches (0ms)
		SetupLoadedEditorAssemblies (2385ms)
			LogAssemblyErrors (0ms)
			InitializePlatformSupportModulesInManaged (37ms)
			SetLoadedEditorAssemblies (19ms)
			BeforeProcessingInitializeOnLoad (549ms)
			ProcessInitializeOnLoadAttributes (1545ms)
			ProcessInitializeOnLoadMethodAttributes (218ms)
			AfterProcessingInitializeOnLoad (18ms)
			EditorAssembliesLoaded (1ms)
		ExecutionOrderSort2 (0ms)
		AwakeInstancesAfterBackupRestoration (44ms)
Refreshing native plugins compatible for Editor in 16.76 ms, found 4 plugins.
Preloading 0 native plugins for Editor in 0.00 ms.
Unloading 13 Unused Serialized files (Serialized files now loaded: 0)
Unloading 6904 unused Assets / (5.1 MB). Loaded Objects now: 7630.
Memory consumption went from 147.7 MB to 142.5 MB.
Total: 27.449200 ms (FindLiveObjects: 1.515800 ms CreateObjectMapping: 1.807600 ms MarkObjects: 15.258800 ms  DeleteObjects: 8.863900 ms)

Prepare: number of updated asset objects reloaded= 0
========================================================================
Received Prepare
Begin MonoManager ReloadAssembly
- Loaded All Assemblies, in  1.207 seconds
Refreshing native plugins compatible for Editor in 8.15 ms, found 4 plugins.
Native extension for Android target not found
Native extension for WindowsStandalone target not found
Native extension for WebGL target not found
Mono: successfully reloaded assembly
[Package Manager] Failed to launch server process. Reason: Unity was launched with the -noUpm command-line argument
[Package Manager] Unable to send message (not connected to server process).
[Package Manager] Cannot connect to Unity Package Manager local server
- Finished resetting the current domain, in  1.635 seconds
Domain Reload Profiling: 2842ms
	BeginReloadAssembly (320ms)
		ExecutionOrderSort (0ms)
		DisableScriptedObjects (25ms)
		BackupInstance (0ms)
		ReleaseScriptingObjects (0ms)
		CreateAndSetChildDomain (81ms)
	RebuildCommonClasses (55ms)
	RebuildNativeTypeToScriptingClass (19ms)
	initialDomainReloadingComplete (45ms)
	LoadAllAssembliesAndSetupDomain (767ms)
		LoadAssemblies (621ms)
		RebuildTransferFunctionScriptingTraits (0ms)
		AnalyzeDomain (304ms)
			TypeCache.Refresh (12ms)
				TypeCache.ScanAssembly (0ms)
			BuildScriptInfoCaches (272ms)
			ResolveRequiredComponents (15ms)
	FinalizeReload (1636ms)
		ReleaseScriptCaches (0ms)
		RebuildScriptCaches (0ms)
		SetupLoadedEditorAssemblies (1323ms)
			LogAssemblyErrors (0ms)
			InitializePlatformSupportModulesInManaged (21ms)
			SetLoadedEditorAssemblies (11ms)
			BeforeProcessingInitializeOnLoad (287ms)
			ProcessInitializeOnLoadAttributes (889ms)
			ProcessInitializeOnLoadMethodAttributes (105ms)
			AfterProcessingInitializeOnLoad (10ms)
			EditorAssembliesLoaded (1ms)
		ExecutionOrderSort2 (0ms)
		AwakeInstancesAfterBackupRestoration (25ms)
Refreshing native plugins compatible for Editor in 16.29 ms, found 4 plugins.
Preloading 0 native plugins for Editor in 0.00 ms.
Unloading 13 Unused Serialized files (Serialized files now loaded: 0)
Unloading 6904 unused Assets / (4.7 MB). Loaded Objects now: 7632.
Memory consumption went from 147.7 MB to 142.9 MB.
Total: 27.933900 ms (FindLiveObjects: 2.479200 ms CreateObjectMapping: 1.779200 ms MarkObjects: 15.643500 ms  DeleteObjects: 8.029800 ms)

Prepare: number of updated asset objects reloaded= 0
========================================================================
Received Prepare
Begin MonoManager ReloadAssembly
- Loaded All Assemblies, in  1.269 seconds
Refreshing native plugins compatible for Editor in 7.92 ms, found 4 plugins.
Native extension for Android target not found
Native extension for WindowsStandalone target not found
Native extension for WebGL target not found
Mono: successfully reloaded assembly
[Package Manager] Failed to launch server process. Reason: Unity was launched with the -noUpm command-line argument
[Package Manager] Unable to send message (not connected to server process).
[Package Manager] Cannot connect to Unity Package Manager local server
- Finished resetting the current domain, in  1.749 seconds
Domain Reload Profiling: 3018ms
	BeginReloadAssembly (311ms)
		ExecutionOrderSort (0ms)
		DisableScriptedObjects (23ms)
		BackupInstance (0ms)
		ReleaseScriptingObjects (0ms)
		CreateAndSetChildDomain (77ms)
	RebuildCommonClasses (58ms)
	RebuildNativeTypeToScriptingClass (25ms)
	initialDomainReloadingComplete (45ms)
	LoadAllAssembliesAndSetupDomain (830ms)
		LoadAssemblies (631ms)
		RebuildTransferFunctionScriptingTraits (0ms)
		AnalyzeDomain (350ms)
			TypeCache.Refresh (15ms)
				TypeCache.ScanAssembly (0ms)
			BuildScriptInfoCaches (312ms)
			ResolveRequiredComponents (17ms)
	FinalizeReload (1750ms)
		ReleaseScriptCaches (0ms)
		RebuildScriptCaches (0ms)
		SetupLoadedEditorAssemblies (1419ms)
			LogAssemblyErrors (0ms)
			InitializePlatformSupportModulesInManaged (22ms)
			SetLoadedEditorAssemblies (11ms)
			BeforeProcessingInitializeOnLoad (327ms)
			ProcessInitializeOnLoadAttributes (939ms)
			ProcessInitializeOnLoadMethodAttributes (109ms)
			AfterProcessingInitializeOnLoad (9ms)
			EditorAssembliesLoaded (1ms)
		ExecutionOrderSort2 (0ms)
		AwakeInstancesAfterBackupRestoration (23ms)
Refreshing native plugins compatible for Editor in 21.93 ms, found 4 plugins.
Preloading 0 native plugins for Editor in 0.00 ms.
Unloading 13 Unused Serialized files (Serialized files now loaded: 0)
Unloading 6904 unused Assets / (4.6 MB). Loaded Objects now: 7634.
Memory consumption went from 147.7 MB to 143.1 MB.
Total: 34.689000 ms (FindLiveObjects: 1.998300 ms CreateObjectMapping: 2.579300 ms MarkObjects: 21.914600 ms  DeleteObjects: 8.193600 ms)

Prepare: number of updated asset objects reloaded= 0
========================================================================
Received Prepare
Begin MonoManager ReloadAssembly
- Loaded All Assemblies, in  1.271 seconds
Refreshing native plugins compatible for Editor in 8.06 ms, found 4 plugins.
Native extension for Android target not found
Native extension for WindowsStandalone target not found
Native extension for WebGL target not found
Mono: successfully reloaded assembly
[Package Manager] Failed to launch server process. Reason: Unity was launched with the -noUpm command-line argument
[Package Manager] Unable to send message (not connected to server process).
[Package Manager] Cannot connect to Unity Package Manager local server
- Finished resetting the current domain, in  1.883 seconds
Domain Reload Profiling: 3154ms
	BeginReloadAssembly (365ms)
		ExecutionOrderSort (0ms)
		DisableScriptedObjects (36ms)
		BackupInstance (0ms)
		ReleaseScriptingObjects (0ms)
		CreateAndSetChildDomain (88ms)
	RebuildCommonClasses (57ms)
	RebuildNativeTypeToScriptingClass (19ms)
	initialDomainReloadingComplete (47ms)
	LoadAllAssembliesAndSetupDomain (783ms)
		LoadAssemblies (624ms)
		RebuildTransferFunctionScriptingTraits (0ms)
		AnalyzeDomain (322ms)
			TypeCache.Refresh (18ms)
				TypeCache.ScanAssembly (2ms)
			BuildScriptInfoCaches (281ms)
			ResolveRequiredComponents (18ms)
	FinalizeReload (1884ms)
		ReleaseScriptCaches (0ms)
		RebuildScriptCaches (0ms)
		SetupLoadedEditorAssemblies (1522ms)
			LogAssemblyErrors (0ms)
			InitializePlatformSupportModulesInManaged (24ms)
			SetLoadedEditorAssemblies (12ms)
			BeforeProcessingInitializeOnLoad (350ms)
			ProcessInitializeOnLoadAttributes (1018ms)
			ProcessInitializeOnLoadMethodAttributes (105ms)
			AfterProcessingInitializeOnLoad (11ms)
			EditorAssembliesLoaded (1ms)
		ExecutionOrderSort2 (0ms)
		AwakeInstancesAfterBackupRestoration (23ms)
Refreshing native plugins compatible for Editor in 13.81 ms, found 4 plugins.
Preloading 0 native plugins for Editor in 0.00 ms.
Unloading 13 Unused Serialized files (Serialized files now loaded: 0)
Unloading 6904 unused Assets / (4.5 MB). Loaded Objects now: 7636.
Memory consumption went from 149.6 MB to 145.2 MB.
Total: 26.414800 ms (FindLiveObjects: 2.286500 ms CreateObjectMapping: 2.417800 ms MarkObjects: 14.810200 ms  DeleteObjects: 6.897900 ms)

Prepare: number of updated asset objects reloaded= 0
========================================================================
Received Prepare
Begin MonoManager ReloadAssembly
- Loaded All Assemblies, in  1.183 seconds
Refreshing native plugins compatible for Editor in 7.06 ms, found 4 plugins.
Native extension for Android target not found
Native extension for WindowsStandalone target not found
Native extension for WebGL target not found
Mono: successfully reloaded assembly
[Package Manager] Failed to launch server process. Reason: Unity was launched with the -noUpm command-line argument
[Package Manager] Unable to send message (not connected to server process).
[Package Manager] Cannot connect to Unity Package Manager local server
- Finished resetting the current domain, in  1.758 seconds
Domain Reload Profiling: 2942ms
	BeginReloadAssembly (315ms)
		ExecutionOrderSort (0ms)
		DisableScriptedObjects (24ms)
		BackupInstance (0ms)
		ReleaseScriptingObjects (0ms)
		CreateAndSetChildDomain (80ms)
	RebuildCommonClasses (67ms)
	RebuildNativeTypeToScriptingClass (20ms)
	initialDomainReloadingComplete (43ms)
	LoadAllAssembliesAndSetupDomain (739ms)
		LoadAssemblies (579ms)
		RebuildTransferFunctionScriptingTraits (0ms)
		AnalyzeDomain (310ms)
			TypeCache.Refresh (13ms)
				TypeCache.ScanAssembly (0ms)
			BuildScriptInfoCaches (274ms)
			ResolveRequiredComponents (16ms)
	FinalizeReload (1759ms)
		ReleaseScriptCaches (0ms)
		RebuildScriptCaches (0ms)
		SetupLoadedEditorAssemblies (1433ms)
			LogAssemblyErrors (0ms)
			InitializePlatformSupportModulesInManaged (20ms)
			SetLoadedEditorAssemblies (12ms)
			BeforeProcessingInitializeOnLoad (301ms)
			ProcessInitializeOnLoadAttributes (990ms)
			ProcessInitializeOnLoadMethodAttributes (100ms)
			AfterProcessingInitializeOnLoad (9ms)
			EditorAssembliesLoaded (1ms)
		ExecutionOrderSort2 (0ms)
		AwakeInstancesAfterBackupRestoration (26ms)
Refreshing native plugins compatible for Editor in 14.42 ms, found 4 plugins.
Preloading 0 native plugins for Editor in 0.00 ms.
Unloading 13 Unused Serialized files (Serialized files now loaded: 0)
Unloading 6904 unused Assets / (4.2 MB). Loaded Objects now: 7638.
Memory consumption went from 149.6 MB to 145.4 MB.
Total: 27.624400 ms (FindLiveObjects: 2.153800 ms CreateObjectMapping: 1.693500 ms MarkObjects: 16.798100 ms  DeleteObjects: 6.976100 ms)

Prepare: number of updated asset objects reloaded= 0
========================================================================
Received Prepare
Begin MonoManager ReloadAssembly
- Loaded All Assemblies, in  1.298 seconds
Refreshing native plugins compatible for Editor in 7.10 ms, found 4 plugins.
Native extension for Android target not found
Native extension for WindowsStandalone target not found
Native extension for WebGL target not found
Mono: successfully reloaded assembly
[Package Manager] Failed to launch server process. Reason: Unity was launched with the -noUpm command-line argument
[Package Manager] Unable to send message (not connected to server process).
[Package Manager] Cannot connect to Unity Package Manager local server
- Finished resetting the current domain, in  1.798 seconds
Domain Reload Profiling: 3098ms
	BeginReloadAssembly (322ms)
		ExecutionOrderSort (0ms)
		DisableScriptedObjects (24ms)
		BackupInstance (0ms)
		ReleaseScriptingObjects (0ms)
		CreateAndSetChildDomain (75ms)
	RebuildCommonClasses (59ms)
	RebuildNativeTypeToScriptingClass (20ms)
	initialDomainReloadingComplete (56ms)
	LoadAllAssembliesAndSetupDomain (842ms)
		LoadAssemblies (657ms)
		RebuildTransferFunctionScriptingTraits (0ms)
		AnalyzeDomain (341ms)
			TypeCache.Refresh (14ms)
				TypeCache.ScanAssembly (0ms)
			BuildScriptInfoCaches (301ms)
			ResolveRequiredComponents (19ms)
	FinalizeReload (1799ms)
		ReleaseScriptCaches (0ms)
		RebuildScriptCaches (0ms)
		SetupLoadedEditorAssemblies (1457ms)
			LogAssemblyErrors (0ms)
			InitializePlatformSupportModulesInManaged (23ms)
			SetLoadedEditorAssemblies (12ms)
			BeforeProcessingInitializeOnLoad (337ms)
			ProcessInitializeOnLoadAttributes (965ms)
			ProcessInitializeOnLoadMethodAttributes (109ms)
			AfterProcessingInitializeOnLoad (10ms)
			EditorAssembliesLoaded (1ms)
		ExecutionOrderSort2 (0ms)
		AwakeInstancesAfterBackupRestoration (25ms)
Refreshing native plugins compatible for Editor in 17.93 ms, found 4 plugins.
Preloading 0 native plugins for Editor in 0.00 ms.
Unloading 13 Unused Serialized files (Serialized files now loaded: 0)
Unloading 6904 unused Assets / (4.4 MB). Loaded Objects now: 7640.
Memory consumption went from 149.6 MB to 145.3 MB.
Total: 31.593400 ms (FindLiveObjects: 2.498400 ms CreateObjectMapping: 2.233200 ms MarkObjects: 19.186800 ms  DeleteObjects: 7.672100 ms)

Prepare: number of updated asset objects reloaded= 0
========================================================================
Received Prepare
Begin MonoManager ReloadAssembly
- Loaded All Assemblies, in  1.297 seconds
Refreshing native plugins compatible for Editor in 8.74 ms, found 4 plugins.
Native extension for Android target not found
Native extension for WindowsStandalone target not found
Native extension for WebGL target not found
Mono: successfully reloaded assembly
[Package Manager] Failed to launch server process. Reason: Unity was launched with the -noUpm command-line argument
[Package Manager] Unable to send message (not connected to server process).
[Package Manager] Cannot connect to Unity Package Manager local server
- Finished resetting the current domain, in  1.749 seconds
Domain Reload Profiling: 3048ms
	BeginReloadAssembly (346ms)
		ExecutionOrderSort (0ms)
		DisableScriptedObjects (26ms)
		BackupInstance (0ms)
		ReleaseScriptingObjects (0ms)
		CreateAndSetChildDomain (80ms)
	RebuildCommonClasses (69ms)
	RebuildNativeTypeToScriptingClass (20ms)
	initialDomainReloadingComplete (48ms)
	LoadAllAssembliesAndSetupDomain (815ms)
		LoadAssemblies (646ms)
		RebuildTransferFunctionScriptingTraits (0ms)
		AnalyzeDomain (341ms)
			TypeCache.Refresh (13ms)
				TypeCache.ScanAssembly (0ms)
			BuildScriptInfoCaches (302ms)
			ResolveRequiredComponents (19ms)
	FinalizeReload (1750ms)
		ReleaseScriptCaches (0ms)
		RebuildScriptCaches (0ms)
		SetupLoadedEditorAssemblies (1410ms)
			LogAssemblyErrors (0ms)
			InitializePlatformSupportModulesInManaged (23ms)
			SetLoadedEditorAssemblies (10ms)
			BeforeProcessingInitializeOnLoad (323ms)
			ProcessInitializeOnLoadAttributes (923ms)
			ProcessInitializeOnLoadMethodAttributes (117ms)
			AfterProcessingInitializeOnLoad (12ms)
			EditorAssembliesLoaded (1ms)
		ExecutionOrderSort2 (0ms)
		AwakeInstancesAfterBackupRestoration (27ms)
Refreshing native plugins compatible for Editor in 27.66 ms, found 4 plugins.
Preloading 0 native plugins for Editor in 0.00 ms.
Unloading 13 Unused Serialized files (Serialized files now loaded: 0)
Unloading 6904 unused Assets / (4.9 MB). Loaded Objects now: 7642.
Memory consumption went from 149.6 MB to 144.8 MB.
Total: 33.627200 ms (FindLiveObjects: 3.362600 ms CreateObjectMapping: 2.480800 ms MarkObjects: 18.820800 ms  DeleteObjects: 8.960400 ms)

Prepare: number of updated asset objects reloaded= 0
========================================================================
Received Prepare
Begin MonoManager ReloadAssembly
- Loaded All Assemblies, in  1.356 seconds
Refreshing native plugins compatible for Editor in 6.08 ms, found 4 plugins.
Native extension for Android target not found
Native extension for WindowsStandalone target not found
Native extension for WebGL target not found
Mono: successfully reloaded assembly
[Package Manager] Failed to launch server process. Reason: Unity was launched with the -noUpm command-line argument
[Package Manager] Unable to send message (not connected to server process).
[Package Manager] Cannot connect to Unity Package Manager local server
- Finished resetting the current domain, in  1.982 seconds
Domain Reload Profiling: 3339ms
	BeginReloadAssembly (330ms)
		ExecutionOrderSort (0ms)
		DisableScriptedObjects (31ms)
		BackupInstance (0ms)
		ReleaseScriptingObjects (0ms)
		CreateAndSetChildDomain (81ms)
	RebuildCommonClasses (78ms)
	RebuildNativeTypeToScriptingClass (24ms)
	initialDomainReloadingComplete (55ms)
	LoadAllAssembliesAndSetupDomain (870ms)
		LoadAssemblies (631ms)
		RebuildTransferFunctionScriptingTraits (0ms)
		AnalyzeDomain (388ms)
			TypeCache.Refresh (11ms)
				TypeCache.ScanAssembly (0ms)
			BuildScriptInfoCaches (353ms)
			ResolveRequiredComponents (18ms)
	FinalizeReload (1983ms)
		ReleaseScriptCaches (0ms)
		RebuildScriptCaches (0ms)
		SetupLoadedEditorAssemblies (1637ms)
			LogAssemblyErrors (0ms)
			InitializePlatformSupportModulesInManaged (20ms)
			SetLoadedEditorAssemblies (11ms)
			BeforeProcessingInitializeOnLoad (341ms)
			ProcessInitializeOnLoadAttributes (1117ms)
			ProcessInitializeOnLoadMethodAttributes (135ms)
			AfterProcessingInitializeOnLoad (13ms)
			EditorAssembliesLoaded (1ms)
		ExecutionOrderSort2 (0ms)
		AwakeInstancesAfterBackupRestoration (27ms)
Refreshing native plugins compatible for Editor in 19.78 ms, found 4 plugins.
Preloading 0 native plugins for Editor in 0.00 ms.
Unloading 13 Unused Serialized files (Serialized files now loaded: 0)
Unloading 6904 unused Assets / (4.5 MB). Loaded Objects now: 7644.
Memory consumption went from 149.6 MB to 145.1 MB.
Total: 48.035300 ms (FindLiveObjects: 2.531700 ms CreateObjectMapping: 2.739500 ms MarkObjects: 34.417800 ms  DeleteObjects: 8.343700 ms)

Prepare: number of updated asset objects reloaded= 0
========================================================================
Received Prepare
Begin MonoManager ReloadAssembly
- Loaded All Assemblies, in  1.101 seconds
Refreshing native plugins compatible for Editor in 4.86 ms, found 4 plugins.
Native extension for Android target not found
Native extension for WindowsStandalone target not found
Native extension for WebGL target not found
Mono: successfully reloaded assembly
[Package Manager] Failed to launch server process. Reason: Unity was launched with the -noUpm command-line argument
[Package Manager] Unable to send message (not connected to server process).
[Package Manager] Cannot connect to Unity Package Manager local server
- Finished resetting the current domain, in  1.398 seconds
Domain Reload Profiling: 2500ms
	BeginReloadAssembly (293ms)
		ExecutionOrderSort (0ms)
		DisableScriptedObjects (19ms)
		BackupInstance (0ms)
		ReleaseScriptingObjects (0ms)
		CreateAndSetChildDomain (72ms)
	RebuildCommonClasses (52ms)
	RebuildNativeTypeToScriptingClass (18ms)
	initialDomainReloadingComplete (46ms)
	LoadAllAssembliesAndSetupDomain (692ms)
		LoadAssemblies (529ms)
		RebuildTransferFunctionScriptingTraits (0ms)
		AnalyzeDomain (314ms)
			TypeCache.Refresh (12ms)
				TypeCache.ScanAssembly (0ms)
			BuildScriptInfoCaches (277ms)
			ResolveRequiredComponents (19ms)
	FinalizeReload (1399ms)
		ReleaseScriptCaches (0ms)
		RebuildScriptCaches (0ms)
		SetupLoadedEditorAssemblies (1132ms)
			LogAssemblyErrors (0ms)
			InitializePlatformSupportModulesInManaged (17ms)
			SetLoadedEditorAssemblies (10ms)
			BeforeProcessingInitializeOnLoad (267ms)
			ProcessInitializeOnLoadAttributes (739ms)
			ProcessInitializeOnLoadMethodAttributes (88ms)
			AfterProcessingInitializeOnLoad (8ms)
			EditorAssembliesLoaded (1ms)
		ExecutionOrderSort2 (0ms)
		AwakeInstancesAfterBackupRestoration (19ms)
Refreshing native plugins compatible for Editor in 13.02 ms, found 4 plugins.
Preloading 0 native plugins for Editor in 0.00 ms.
Unloading 13 Unused Serialized files (Serialized files now loaded: 0)
Unloading 6904 unused Assets / (4.6 MB). Loaded Objects now: 7646.
Memory consumption went from 149.6 MB to 145.1 MB.
Total: 22.872800 ms (FindLiveObjects: 1.454200 ms CreateObjectMapping: 1.432800 ms MarkObjects: 12.612600 ms  DeleteObjects: 7.371000 ms)

Prepare: number of updated asset objects reloaded= 0
========================================================================
Received Prepare
Begin MonoManager ReloadAssembly
- Loaded All Assemblies, in  1.093 seconds
Refreshing native plugins compatible for Editor in 5.21 ms, found 4 plugins.
Native extension for Android target not found
Native extension for WindowsStandalone target not found
Native extension for WebGL target not found
Mono: successfully reloaded assembly
[Package Manager] Failed to launch server process. Reason: Unity was launched with the -noUpm command-line argument
[Package Manager] Unable to send message (not connected to server process).
[Package Manager] Cannot connect to Unity Package Manager local server
- Finished resetting the current domain, in  1.555 seconds
Domain Reload Profiling: 2649ms
	BeginReloadAssembly (288ms)
		ExecutionOrderSort (0ms)
		DisableScriptedObjects (21ms)
		BackupInstance (0ms)
		ReleaseScriptingObjects (0ms)
		CreateAndSetChildDomain (64ms)
	RebuildCommonClasses (52ms)
	RebuildNativeTypeToScriptingClass (20ms)
	initialDomainReloadingComplete (40ms)
	LoadAllAssembliesAndSetupDomain (694ms)
		LoadAssemblies (574ms)
		RebuildTransferFunctionScriptingTraits (0ms)
		AnalyzeDomain (273ms)
			TypeCache.Refresh (11ms)
				TypeCache.ScanAssembly (0ms)
			BuildScriptInfoCaches (243ms)
			ResolveRequiredComponents (14ms)
	FinalizeReload (1556ms)
		ReleaseScriptCaches (0ms)
		RebuildScriptCaches (0ms)
		SetupLoadedEditorAssemblies (1266ms)
			LogAssemblyErrors (0ms)
			InitializePlatformSupportModulesInManaged (20ms)
			SetLoadedEditorAssemblies (10ms)
			BeforeProcessingInitializeOnLoad (272ms)
			ProcessInitializeOnLoadAttributes (852ms)
			ProcessInitializeOnLoadMethodAttributes (102ms)
			AfterProcessingInitializeOnLoad (9ms)
			EditorAssembliesLoaded (1ms)
		ExecutionOrderSort2 (0ms)
		AwakeInstancesAfterBackupRestoration (23ms)
Refreshing native plugins compatible for Editor in 17.73 ms, found 4 plugins.
Preloading 0 native plugins for Editor in 0.00 ms.
Unloading 13 Unused Serialized files (Serialized files now loaded: 0)
Unloading 6904 unused Assets / (4.7 MB). Loaded Objects now: 7648.
Memory consumption went from 149.6 MB to 145.0 MB.
Total: 27.607500 ms (FindLiveObjects: 1.576600 ms CreateObjectMapping: 2.697400 ms MarkObjects: 15.158000 ms  DeleteObjects: 8.172900 ms)

Prepare: number of updated asset objects reloaded= 0
========================================================================
Received Prepare
Begin MonoManager ReloadAssembly
- Loaded All Assemblies, in  1.178 seconds
Refreshing native plugins compatible for Editor in 6.46 ms, found 4 plugins.
Native extension for Android target not found
Native extension for WindowsStandalone target not found
Native extension for WebGL target not found
Mono: successfully reloaded assembly
[Package Manager] Failed to launch server process. Reason: Unity was launched with the -noUpm command-line argument
[Package Manager] Unable to send message (not connected to server process).
[Package Manager] Cannot connect to Unity Package Manager local server
- Finished resetting the current domain, in  1.453 seconds
Domain Reload Profiling: 2628ms
	BeginReloadAssembly (304ms)
		ExecutionOrderSort (0ms)
		DisableScriptedObjects (25ms)
		BackupInstance (0ms)
		ReleaseScriptingObjects (1ms)
		CreateAndSetChildDomain (76ms)
	RebuildCommonClasses (52ms)
	RebuildNativeTypeToScriptingClass (19ms)
	initialDomainReloadingComplete (46ms)
	LoadAllAssembliesAndSetupDomain (754ms)
		LoadAssemblies (592ms)
		RebuildTransferFunctionScriptingTraits (0ms)
		AnalyzeDomain (304ms)
			TypeCache.Refresh (18ms)
				TypeCache.ScanAssembly (1ms)
			BuildScriptInfoCaches (263ms)
			ResolveRequiredComponents (18ms)
	FinalizeReload (1454ms)
		ReleaseScriptCaches (0ms)
		RebuildScriptCaches (0ms)
		SetupLoadedEditorAssemblies (1181ms)
			LogAssemblyErrors (0ms)
			InitializePlatformSupportModulesInManaged (19ms)
			SetLoadedEditorAssemblies (11ms)
			BeforeProcessingInitializeOnLoad (286ms)
			ProcessInitializeOnLoadAttributes (771ms)
			ProcessInitializeOnLoadMethodAttributes (86ms)
			AfterProcessingInitializeOnLoad (7ms)
			EditorAssembliesLoaded (0ms)
		ExecutionOrderSort2 (0ms)
		AwakeInstancesAfterBackupRestoration (17ms)
Refreshing native plugins compatible for Editor in 15.86 ms, found 4 plugins.
Preloading 0 native plugins for Editor in 0.00 ms.
Unloading 13 Unused Serialized files (Serialized files now loaded: 0)
Unloading 6904 unused Assets / (4.9 MB). Loaded Objects now: 7650.
Memory consumption went from 149.6 MB to 144.7 MB.
Total: 26.779300 ms (FindLiveObjects: 1.438100 ms CreateObjectMapping: 1.996300 ms MarkObjects: 15.501900 ms  DeleteObjects: 7.839800 ms)

Prepare: number of updated asset objects reloaded= 0
========================================================================
Received Prepare
Begin MonoManager ReloadAssembly
- Loaded All Assemblies, in  1.569 seconds
Refreshing native plugins compatible for Editor in 7.88 ms, found 4 plugins.
Native extension for Android target not found
Native extension for WindowsStandalone target not found
Native extension for WebGL target not found
Mono: successfully reloaded assembly
[Package Manager] Failed to launch server process. Reason: Unity was launched with the -noUpm command-line argument
[Package Manager] Unable to send message (not connected to server process).
[Package Manager] Cannot connect to Unity Package Manager local server
- Finished resetting the current domain, in  1.763 seconds
Domain Reload Profiling: 3334ms
	BeginReloadAssembly (438ms)
		ExecutionOrderSort (0ms)
		DisableScriptedObjects (41ms)
		BackupInstance (0ms)
		ReleaseScriptingObjects (1ms)
		CreateAndSetChildDomain (113ms)
	RebuildCommonClasses (73ms)
	RebuildNativeTypeToScriptingClass (23ms)
	initialDomainReloadingComplete (55ms)
	LoadAllAssembliesAndSetupDomain (982ms)
		LoadAssemblies (777ms)
		RebuildTransferFunctionScriptingTraits (0ms)
		AnalyzeDomain (410ms)
			TypeCache.Refresh (23ms)
				TypeCache.ScanAssembly (2ms)
			BuildScriptInfoCaches (360ms)
			ResolveRequiredComponents (20ms)
	FinalizeReload (1764ms)
		ReleaseScriptCaches (0ms)
		RebuildScriptCaches (0ms)
		SetupLoadedEditorAssemblies (1402ms)
			LogAssemblyErrors (0ms)
			InitializePlatformSupportModulesInManaged (23ms)
			SetLoadedEditorAssemblies (13ms)
			BeforeProcessingInitializeOnLoad (361ms)
			ProcessInitializeOnLoadAttributes (893ms)
			ProcessInitializeOnLoadMethodAttributes (102ms)
			AfterProcessingInitializeOnLoad (9ms)
			EditorAssembliesLoaded (1ms)
		ExecutionOrderSort2 (0ms)
		AwakeInstancesAfterBackupRestoration (30ms)
Refreshing native plugins compatible for Editor in 16.19 ms, found 4 plugins.
Preloading 0 native plugins for Editor in 0.00 ms.
Unloading 13 Unused Serialized files (Serialized files now loaded: 0)
Unloading 6904 unused Assets / (4.4 MB). Loaded Objects now: 7652.
Memory consumption went from 149.6 MB to 145.2 MB.
Total: 24.956900 ms (FindLiveObjects: 1.581200 ms CreateObjectMapping: 2.020500 ms MarkObjects: 15.050300 ms  DeleteObjects: 6.302300 ms)

Prepare: number of updated asset objects reloaded= 0
========================================================================
Received Prepare
Begin MonoManager ReloadAssembly
- Loaded All Assemblies, in  1.530 seconds
Refreshing native plugins compatible for Editor in 8.87 ms, found 4 plugins.
Native extension for Android target not found
Native extension for WindowsStandalone target not found
Native extension for WebGL target not found
Mono: successfully reloaded assembly
[Package Manager] Failed to launch server process. Reason: Unity was launched with the -noUpm command-line argument
[Package Manager] Unable to send message (not connected to server process).
[Package Manager] Cannot connect to Unity Package Manager local server
- Finished resetting the current domain, in  1.728 seconds
Domain Reload Profiling: 3259ms
	BeginReloadAssembly (383ms)
		ExecutionOrderSort (0ms)
		DisableScriptedObjects (29ms)
		BackupInstance (0ms)
		ReleaseScriptingObjects (0ms)
		CreateAndSetChildDomain (95ms)
	RebuildCommonClasses (73ms)
	RebuildNativeTypeToScriptingClass (24ms)
	initialDomainReloadingComplete (61ms)
	LoadAllAssembliesAndSetupDomain (989ms)
		LoadAssemblies (772ms)
		RebuildTransferFunctionScriptingTraits (0ms)
		AnalyzeDomain (402ms)
			TypeCache.Refresh (23ms)
				TypeCache.ScanAssembly (3ms)
			BuildScriptInfoCaches (348ms)
			ResolveRequiredComponents (23ms)
	FinalizeReload (1729ms)
		ReleaseScriptCaches (0ms)
		RebuildScriptCaches (0ms)
		SetupLoadedEditorAssemblies (1355ms)
			LogAssemblyErrors (0ms)
			InitializePlatformSupportModulesInManaged (21ms)
			SetLoadedEditorAssemblies (13ms)
			BeforeProcessingInitializeOnLoad (343ms)
			ProcessInitializeOnLoadAttributes (860ms)
			ProcessInitializeOnLoadMethodAttributes (108ms)
			AfterProcessingInitializeOnLoad (10ms)
			EditorAssembliesLoaded (1ms)
		ExecutionOrderSort2 (0ms)
		AwakeInstancesAfterBackupRestoration (23ms)
Refreshing native plugins compatible for Editor in 13.59 ms, found 4 plugins.
Preloading 0 native plugins for Editor in 0.00 ms.
Unloading 13 Unused Serialized files (Serialized files now loaded: 0)
Unloading 6904 unused Assets / (5.1 MB). Loaded Objects now: 7654.
Memory consumption went from 149.7 MB to 144.6 MB.
Total: 28.786100 ms (FindLiveObjects: 1.783600 ms CreateObjectMapping: 2.020700 ms MarkObjects: 15.998700 ms  DeleteObjects: 8.980900 ms)

Prepare: number of updated asset objects reloaded= 0
========================================================================
Received Prepare
Begin MonoManager ReloadAssembly
- Loaded All Assemblies, in  1.391 seconds
Refreshing native plugins compatible for Editor in 7.65 ms, found 4 plugins.
Native extension for Android target not found
Native extension for WindowsStandalone target not found
Native extension for WebGL target not found
Mono: successfully reloaded assembly
[Package Manager] Failed to launch server process. Reason: Unity was launched with the -noUpm command-line argument
[Package Manager] Unable to send message (not connected to server process).
[Package Manager] Cannot connect to Unity Package Manager local server
- Finished resetting the current domain, in  1.874 seconds
Domain Reload Profiling: 3266ms
	BeginReloadAssembly (368ms)
		ExecutionOrderSort (0ms)
		DisableScriptedObjects (24ms)
		BackupInstance (0ms)
		ReleaseScriptingObjects (0ms)
		CreateAndSetChildDomain (85ms)
	RebuildCommonClasses (77ms)
	RebuildNativeTypeToScriptingClass (32ms)
	initialDomainReloadingComplete (61ms)
	LoadAllAssembliesAndSetupDomain (854ms)
		LoadAssemblies (698ms)
		RebuildTransferFunctionScriptingTraits (0ms)
		AnalyzeDomain (343ms)
			TypeCache.Refresh (12ms)
				TypeCache.ScanAssembly (0ms)
			BuildScriptInfoCaches (307ms)
			ResolveRequiredComponents (17ms)
	FinalizeReload (1875ms)
		ReleaseScriptCaches (0ms)
		RebuildScriptCaches (0ms)
		SetupLoadedEditorAssemblies (1536ms)
			LogAssemblyErrors (0ms)
			InitializePlatformSupportModulesInManaged (24ms)
			SetLoadedEditorAssemblies (16ms)
			BeforeProcessingInitializeOnLoad (392ms)
			ProcessInitializeOnLoadAttributes (982ms)
			ProcessInitializeOnLoadMethodAttributes (111ms)
			AfterProcessingInitializeOnLoad (11ms)
			EditorAssembliesLoaded (1ms)
		ExecutionOrderSort2 (0ms)
		AwakeInstancesAfterBackupRestoration (25ms)
Refreshing native plugins compatible for Editor in 17.05 ms, found 4 plugins.
Preloading 0 native plugins for Editor in 0.00 ms.
Unloading 13 Unused Serialized files (Serialized files now loaded: 0)
Unloading 6904 unused Assets / (6.1 MB). Loaded Objects now: 7656.
Memory consumption went from 149.7 MB to 143.6 MB.
Total: 80.283200 ms (FindLiveObjects: 1.448200 ms CreateObjectMapping: 2.315600 ms MarkObjects: 15.812800 ms  DeleteObjects: 60.703500 ms)

Prepare: number of updated asset objects reloaded= 0
========================================================================
Received Prepare
Begin MonoManager ReloadAssembly
- Loaded All Assemblies, in  1.480 seconds
Refreshing native plugins compatible for Editor in 7.11 ms, found 4 plugins.
Native extension for Android target not found
Native extension for WindowsStandalone target not found
Native extension for WebGL target not found
Mono: successfully reloaded assembly
[Package Manager] Failed to launch server process. Reason: Unity was launched with the -noUpm command-line argument
[Package Manager] Unable to send message (not connected to server process).
[Package Manager] Cannot connect to Unity Package Manager local server
- Finished resetting the current domain, in  2.066 seconds
Domain Reload Profiling: 3549ms
	BeginReloadAssembly (436ms)
		ExecutionOrderSort (0ms)
		DisableScriptedObjects (24ms)
		BackupInstance (0ms)
		ReleaseScriptingObjects (0ms)
		CreateAndSetChildDomain (135ms)
	RebuildCommonClasses (69ms)
	RebuildNativeTypeToScriptingClass (23ms)
	initialDomainReloadingComplete (52ms)
	LoadAllAssembliesAndSetupDomain (902ms)
		LoadAssemblies (674ms)
		RebuildTransferFunctionScriptingTraits (0ms)
		AnalyzeDomain (408ms)
			TypeCache.Refresh (14ms)
				TypeCache.ScanAssembly (0ms)
			BuildScriptInfoCaches (362ms)
			ResolveRequiredComponents (25ms)
	FinalizeReload (2067ms)
		ReleaseScriptCaches (0ms)
		RebuildScriptCaches (0ms)
		SetupLoadedEditorAssemblies (1669ms)
			LogAssemblyErrors (0ms)
			InitializePlatformSupportModulesInManaged (24ms)
			SetLoadedEditorAssemblies (15ms)
			BeforeProcessingInitializeOnLoad (399ms)
			ProcessInitializeOnLoadAttributes (1096ms)
			ProcessInitializeOnLoadMethodAttributes (121ms)
			AfterProcessingInitializeOnLoad (13ms)
			EditorAssembliesLoaded (1ms)
		ExecutionOrderSort2 (0ms)
		AwakeInstancesAfterBackupRestoration (35ms)
Refreshing native plugins compatible for Editor in 14.17 ms, found 4 plugins.
Preloading 0 native plugins for Editor in 0.00 ms.
Unloading 13 Unused Serialized files (Serialized files now loaded: 0)
Unloading 6904 unused Assets / (7.1 MB). Loaded Objects now: 7658.
Memory consumption went from 149.7 MB to 142.5 MB.
Total: 39.638400 ms (FindLiveObjects: 1.252800 ms CreateObjectMapping: 1.115800 ms MarkObjects: 18.444100 ms  DeleteObjects: 18.822800 ms)

Prepare: number of updated asset objects reloaded= 0
========================================================================
Received Prepare
Begin MonoManager ReloadAssembly
- Loaded All Assemblies, in  1.339 seconds
Refreshing native plugins compatible for Editor in 8.63 ms, found 4 plugins.
Native extension for Android target not found
Native extension for WindowsStandalone target not found
Native extension for WebGL target not found
Mono: successfully reloaded assembly
[Package Manager] Failed to launch server process. Reason: Unity was launched with the -noUpm command-line argument
[Package Manager] Unable to send message (not connected to server process).
[Package Manager] Cannot connect to Unity Package Manager local server
- Finished resetting the current domain, in  2.036 seconds
Domain Reload Profiling: 3372ms
	BeginReloadAssembly (360ms)
		ExecutionOrderSort (0ms)
		DisableScriptedObjects (27ms)
		BackupInstance (0ms)
		ReleaseScriptingObjects (0ms)
		CreateAndSetChildDomain (97ms)
	RebuildCommonClasses (57ms)
	RebuildNativeTypeToScriptingClass (20ms)
	initialDomainReloadingComplete (51ms)
	LoadAllAssembliesAndSetupDomain (848ms)
		LoadAssemblies (665ms)
		RebuildTransferFunctionScriptingTraits (0ms)
		AnalyzeDomain (354ms)
			TypeCache.Refresh (17ms)
				TypeCache.ScanAssembly (1ms)
			BuildScriptInfoCaches (315ms)
			ResolveRequiredComponents (16ms)
	FinalizeReload (2037ms)
		ReleaseScriptCaches (0ms)
		RebuildScriptCaches (0ms)
		SetupLoadedEditorAssemblies (1584ms)
			LogAssemblyErrors (0ms)
			InitializePlatformSupportModulesInManaged (27ms)
			SetLoadedEditorAssemblies (12ms)
			BeforeProcessingInitializeOnLoad (372ms)
			ProcessInitializeOnLoadAttributes (1057ms)
			ProcessInitializeOnLoadMethodAttributes (103ms)
			AfterProcessingInitializeOnLoad (13ms)
			EditorAssembliesLoaded (1ms)
		ExecutionOrderSort2 (0ms)
		AwakeInstancesAfterBackupRestoration (22ms)
Refreshing native plugins compatible for Editor in 16.59 ms, found 4 plugins.
Preloading 0 native plugins for Editor in 0.00 ms.
Unloading 13 Unused Serialized files (Serialized files now loaded: 0)
Unloading 6904 unused Assets / (8.7 MB). Loaded Objects now: 7660.
Memory consumption went from 149.7 MB to 140.9 MB.
Total: 50.283400 ms (FindLiveObjects: 1.480600 ms CreateObjectMapping: 1.979200 ms MarkObjects: 19.344000 ms  DeleteObjects: 27.476900 ms)

Prepare: number of updated asset objects reloaded= 0
========================================================================
Received Prepare
Begin MonoManager ReloadAssembly
- Loaded All Assemblies, in  1.306 seconds
Refreshing native plugins compatible for Editor in 10.74 ms, found 4 plugins.
Native extension for Android target not found
Native extension for WindowsStandalone target not found
Native extension for WebGL target not found
Mono: successfully reloaded assembly
[Package Manager] Failed to launch server process. Reason: Unity was launched with the -noUpm command-line argument
[Package Manager] Unable to send message (not connected to server process).
[Package Manager] Cannot connect to Unity Package Manager local server
- Finished resetting the current domain, in  2.466 seconds
Domain Reload Profiling: 3774ms
	BeginReloadAssembly (301ms)
		ExecutionOrderSort (0ms)
		DisableScriptedObjects (18ms)
		BackupInstance (0ms)
		ReleaseScriptingObjects (0ms)
		CreateAndSetChildDomain (64ms)
	RebuildCommonClasses (65ms)
	RebuildNativeTypeToScriptingClass (20ms)
	initialDomainReloadingComplete (44ms)
	LoadAllAssembliesAndSetupDomain (877ms)
		LoadAssemblies (665ms)
		RebuildTransferFunctionScriptingTraits (0ms)
		AnalyzeDomain (372ms)
			TypeCache.Refresh (15ms)
				TypeCache.ScanAssembly (0ms)
			BuildScriptInfoCaches (287ms)
			ResolveRequiredComponents (64ms)
	FinalizeReload (2467ms)
		ReleaseScriptCaches (0ms)
		RebuildScriptCaches (0ms)
		SetupLoadedEditorAssemblies (1856ms)
			LogAssemblyErrors (0ms)
			InitializePlatformSupportModulesInManaged (28ms)
			SetLoadedEditorAssemblies (18ms)
			BeforeProcessingInitializeOnLoad (393ms)
			ProcessInitializeOnLoadAttributes (1064ms)
			ProcessInitializeOnLoadMethodAttributes (335ms)
			AfterProcessingInitializeOnLoad (17ms)
			EditorAssembliesLoaded (1ms)
		ExecutionOrderSort2 (0ms)
		AwakeInstancesAfterBackupRestoration (74ms)
Refreshing native plugins compatible for Editor in 13.93 ms, found 4 plugins.
Preloading 0 native plugins for Editor in 0.00 ms.
Unloading 13 Unused Serialized files (Serialized files now loaded: 0)
Unloading 6904 unused Assets / (7.7 MB). Loaded Objects now: 7662.
Memory consumption went from 149.7 MB to 141.9 MB.
Total: 36.137900 ms (FindLiveObjects: 1.451900 ms CreateObjectMapping: 1.749100 ms MarkObjects: 15.544000 ms  DeleteObjects: 17.390900 ms)

Prepare: number of updated asset objects reloaded= 0
========================================================================
Received Prepare
Begin MonoManager ReloadAssembly
- Loaded All Assemblies, in  1.550 seconds
Refreshing native plugins compatible for Editor in 6.49 ms, found 4 plugins.
Native extension for Android target not found
Native extension for WindowsStandalone target not found
Native extension for WebGL target not found
Mono: successfully reloaded assembly
[Package Manager] Failed to launch server process. Reason: Unity was launched with the -noUpm command-line argument
[Package Manager] Unable to send message (not connected to server process).
[Package Manager] Cannot connect to Unity Package Manager local server
- Finished resetting the current domain, in  1.826 seconds
Domain Reload Profiling: 3377ms
	BeginReloadAssembly (432ms)
		ExecutionOrderSort (0ms)
		DisableScriptedObjects (53ms)
		BackupInstance (0ms)
		ReleaseScriptingObjects (0ms)
		CreateAndSetChildDomain (96ms)
	RebuildCommonClasses (116ms)
	RebuildNativeTypeToScriptingClass (23ms)
	initialDomainReloadingComplete (54ms)
	LoadAllAssembliesAndSetupDomain (925ms)
		LoadAssemblies (769ms)
		RebuildTransferFunctionScriptingTraits (0ms)
		AnalyzeDomain (364ms)
			TypeCache.Refresh (19ms)
				TypeCache.ScanAssembly (1ms)
			BuildScriptInfoCaches (324ms)
			ResolveRequiredComponents (16ms)
	FinalizeReload (1827ms)
		ReleaseScriptCaches (0ms)
		RebuildScriptCaches (0ms)
		SetupLoadedEditorAssemblies (1449ms)
			LogAssemblyErrors (0ms)
			InitializePlatformSupportModulesInManaged (20ms)
			SetLoadedEditorAssemblies (12ms)
			BeforeProcessingInitializeOnLoad (369ms)
			ProcessInitializeOnLoadAttributes (880ms)
			ProcessInitializeOnLoadMethodAttributes (150ms)
			AfterProcessingInitializeOnLoad (19ms)
			EditorAssembliesLoaded (1ms)
		ExecutionOrderSort2 (0ms)
		AwakeInstancesAfterBackupRestoration (42ms)
Refreshing native plugins compatible for Editor in 12.49 ms, found 4 plugins.
Preloading 0 native plugins for Editor in 0.00 ms.
Unloading 13 Unused Serialized files (Serialized files now loaded: 0)
Unloading 6904 unused Assets / (5.4 MB). Loaded Objects now: 7664.
Memory consumption went from 149.7 MB to 144.2 MB.
Total: 25.104900 ms (FindLiveObjects: 0.980100 ms CreateObjectMapping: 1.157600 ms MarkObjects: 13.991000 ms  DeleteObjects: 8.973000 ms)

Prepare: number of updated asset objects reloaded= 0
========================================================================
Received Prepare
Begin MonoManager ReloadAssembly
- Loaded All Assemblies, in  1.248 seconds
Refreshing native plugins compatible for Editor in 6.46 ms, found 4 plugins.
Native extension for Android target not found
Native extension for WindowsStandalone target not found
Native extension for WebGL target not found
Mono: successfully reloaded assembly
[Package Manager] Failed to launch server process. Reason: Unity was launched with the -noUpm command-line argument
[Package Manager] Unable to send message (not connected to server process).
[Package Manager] Cannot connect to Unity Package Manager local server
- Finished resetting the current domain, in  1.708 seconds
Domain Reload Profiling: 2960ms
	BeginReloadAssembly (373ms)
		ExecutionOrderSort (0ms)
		DisableScriptedObjects (18ms)
		BackupInstance (0ms)
		ReleaseScriptingObjects (0ms)
		CreateAndSetChildDomain (148ms)
	RebuildCommonClasses (65ms)
	RebuildNativeTypeToScriptingClass (19ms)
	initialDomainReloadingComplete (39ms)
	LoadAllAssembliesAndSetupDomain (755ms)
		LoadAssemblies (576ms)
		RebuildTransferFunctionScriptingTraits (0ms)
		AnalyzeDomain (312ms)
			TypeCache.Refresh (11ms)
				TypeCache.ScanAssembly (0ms)
			BuildScriptInfoCaches (280ms)
			ResolveRequiredComponents (15ms)
	FinalizeReload (1709ms)
		ReleaseScriptCaches (0ms)
		RebuildScriptCaches (0ms)
		SetupLoadedEditorAssemblies (1396ms)
			LogAssemblyErrors (0ms)
			InitializePlatformSupportModulesInManaged (21ms)
			SetLoadedEditorAssemblies (31ms)
			BeforeProcessingInitializeOnLoad (321ms)
			ProcessInitializeOnLoadAttributes (903ms)
			ProcessInitializeOnLoadMethodAttributes (111ms)
			AfterProcessingInitializeOnLoad (9ms)
			EditorAssembliesLoaded (1ms)
		ExecutionOrderSort2 (0ms)
		AwakeInstancesAfterBackupRestoration (20ms)
Refreshing native plugins compatible for Editor in 14.27 ms, found 4 plugins.
Preloading 0 native plugins for Editor in 0.00 ms.
Unloading 13 Unused Serialized files (Serialized files now loaded: 0)
Unloading 6904 unused Assets / (5.2 MB). Loaded Objects now: 7666.
Memory consumption went from 149.7 MB to 144.5 MB.
Total: 32.020200 ms (FindLiveObjects: 2.919200 ms CreateObjectMapping: 2.371700 ms MarkObjects: 16.606300 ms  DeleteObjects: 10.120700 ms)

Prepare: number of updated asset objects reloaded= 0
========================================================================
Received Prepare
Begin MonoManager ReloadAssembly
- Loaded All Assemblies, in  1.108 seconds
Refreshing native plugins compatible for Editor in 6.10 ms, found 4 plugins.
Native extension for Android target not found
Native extension for WindowsStandalone target not found
Native extension for WebGL target not found
Mono: successfully reloaded assembly
[Package Manager] Failed to launch server process. Reason: Unity was launched with the -noUpm command-line argument
[Package Manager] Unable to send message (not connected to server process).
[Package Manager] Cannot connect to Unity Package Manager local server
- Finished resetting the current domain, in  1.398 seconds
Domain Reload Profiling: 2508ms
	BeginReloadAssembly (310ms)
		ExecutionOrderSort (0ms)
		DisableScriptedObjects (29ms)
		BackupInstance (0ms)
		ReleaseScriptingObjects (0ms)
		CreateAndSetChildDomain (74ms)
	RebuildCommonClasses (54ms)
	RebuildNativeTypeToScriptingClass (19ms)
	initialDomainReloadingComplete (46ms)
	LoadAllAssembliesAndSetupDomain (680ms)
		LoadAssemblies (541ms)
		RebuildTransferFunctionScriptingTraits (0ms)
		AnalyzeDomain (288ms)
			TypeCache.Refresh (16ms)
				TypeCache.ScanAssembly (1ms)
			BuildScriptInfoCaches (255ms)
			ResolveRequiredComponents (13ms)
	FinalizeReload (1398ms)
		ReleaseScriptCaches (0ms)
		RebuildScriptCaches (0ms)
		SetupLoadedEditorAssemblies (1118ms)
			LogAssemblyErrors (0ms)
			InitializePlatformSupportModulesInManaged (17ms)
			SetLoadedEditorAssemblies (11ms)
			BeforeProcessingInitializeOnLoad (256ms)
			ProcessInitializeOnLoadAttributes (742ms)
			ProcessInitializeOnLoadMethodAttributes (85ms)
			AfterProcessingInitializeOnLoad (7ms)
			EditorAssembliesLoaded (0ms)
		ExecutionOrderSort2 (0ms)
		AwakeInstancesAfterBackupRestoration (15ms)
Refreshing native plugins compatible for Editor in 15.44 ms, found 4 plugins.
Preloading 0 native plugins for Editor in 0.00 ms.
Unloading 13 Unused Serialized files (Serialized files now loaded: 0)
Unloading 6904 unused Assets / (4.4 MB). Loaded Objects now: 7668.
Memory consumption went from 149.7 MB to 145.2 MB.
Total: 25.001900 ms (FindLiveObjects: 1.564700 ms CreateObjectMapping: 2.504100 ms MarkObjects: 14.873300 ms  DeleteObjects: 6.057900 ms)

Prepare: number of updated asset objects reloaded= 0
========================================================================
Received Prepare
Begin MonoManager ReloadAssembly
- Loaded All Assemblies, in  1.463 seconds
Refreshing native plugins compatible for Editor in 6.83 ms, found 4 plugins.
Native extension for Android target not found
Native extension for WindowsStandalone target not found
Native extension for WebGL target not found
Mono: successfully reloaded assembly
[Package Manager] Failed to launch server process. Reason: Unity was launched with the -noUpm command-line argument
[Package Manager] Unable to send message (not connected to server process).
[Package Manager] Cannot connect to Unity Package Manager local server
- Finished resetting the current domain, in  1.671 seconds
Domain Reload Profiling: 3135ms
	BeginReloadAssembly (356ms)
		ExecutionOrderSort (0ms)
		DisableScriptedObjects (25ms)
		BackupInstance (0ms)
		ReleaseScriptingObjects (0ms)
		CreateAndSetChildDomain (81ms)
	RebuildCommonClasses (74ms)
	RebuildNativeTypeToScriptingClass (28ms)
	initialDomainReloadingComplete (70ms)
	LoadAllAssembliesAndSetupDomain (936ms)
		LoadAssemblies (725ms)
		RebuildTransferFunctionScriptingTraits (0ms)
		AnalyzeDomain (387ms)
			TypeCache.Refresh (18ms)
				TypeCache.ScanAssembly (0ms)
			BuildScriptInfoCaches (344ms)
			ResolveRequiredComponents (19ms)
	FinalizeReload (1672ms)
		ReleaseScriptCaches (0ms)
		RebuildScriptCaches (0ms)
		SetupLoadedEditorAssemblies (1351ms)
			LogAssemblyErrors (0ms)
			InitializePlatformSupportModulesInManaged (19ms)
			SetLoadedEditorAssemblies (39ms)
			BeforeProcessingInitializeOnLoad (315ms)
			ProcessInitializeOnLoadAttributes (858ms)
			ProcessInitializeOnLoadMethodAttributes (110ms)
			AfterProcessingInitializeOnLoad (9ms)
			EditorAssembliesLoaded (1ms)
		ExecutionOrderSort2 (0ms)
		AwakeInstancesAfterBackupRestoration (20ms)
Refreshing native plugins compatible for Editor in 16.54 ms, found 4 plugins.
Preloading 0 native plugins for Editor in 0.00 ms.
Unloading 13 Unused Serialized files (Serialized files now loaded: 0)
Unloading 6904 unused Assets / (8.5 MB). Loaded Objects now: 7670.
Memory consumption went from 149.7 MB to 141.2 MB.
Total: 58.547600 ms (FindLiveObjects: 1.360600 ms CreateObjectMapping: 2.161700 ms MarkObjects: 17.090300 ms  DeleteObjects: 37.933300 ms)

Prepare: number of updated asset objects reloaded= 0
========================================================================
Received Prepare
Begin MonoManager ReloadAssembly
- Loaded All Assemblies, in  1.184 seconds
Refreshing native plugins compatible for Editor in 6.49 ms, found 4 plugins.
Native extension for Android target not found
Native extension for WindowsStandalone target not found
Native extension for WebGL target not found
Mono: successfully reloaded assembly
[Package Manager] Failed to launch server process. Reason: Unity was launched with the -noUpm command-line argument
[Package Manager] Unable to send message (not connected to server process).
[Package Manager] Cannot connect to Unity Package Manager local server
- Finished resetting the current domain, in  1.839 seconds
Domain Reload Profiling: 3023ms
	BeginReloadAssembly (302ms)
		ExecutionOrderSort (0ms)
		DisableScriptedObjects (19ms)
		BackupInstance (0ms)
		ReleaseScriptingObjects (0ms)
		CreateAndSetChildDomain (85ms)
	RebuildCommonClasses (55ms)
	RebuildNativeTypeToScriptingClass (22ms)
	initialDomainReloadingComplete (48ms)
	LoadAllAssembliesAndSetupDomain (756ms)
		LoadAssemblies (594ms)
		RebuildTransferFunctionScriptingTraits (0ms)
		AnalyzeDomain (305ms)
			TypeCache.Refresh (12ms)
				TypeCache.ScanAssembly (0ms)
			BuildScriptInfoCaches (270ms)
			ResolveRequiredComponents (17ms)
	FinalizeReload (1840ms)
		ReleaseScriptCaches (0ms)
		RebuildScriptCaches (0ms)
		SetupLoadedEditorAssemblies (1525ms)
			LogAssemblyErrors (0ms)
			InitializePlatformSupportModulesInManaged (18ms)
			SetLoadedEditorAssemblies (11ms)
			BeforeProcessingInitializeOnLoad (331ms)
			ProcessInitializeOnLoadAttributes (982ms)
			ProcessInitializeOnLoadMethodAttributes (172ms)
			AfterProcessingInitializeOnLoad (11ms)
			EditorAssembliesLoaded (1ms)
		ExecutionOrderSort2 (0ms)
		AwakeInstancesAfterBackupRestoration (21ms)
Refreshing native plugins compatible for Editor in 18.49 ms, found 4 plugins.
Preloading 0 native plugins for Editor in 0.00 ms.
Unloading 13 Unused Serialized files (Serialized files now loaded: 0)
Unloading 6904 unused Assets / (5.1 MB). Loaded Objects now: 7672.
Memory consumption went from 151.6 MB to 146.5 MB.
Total: 33.536200 ms (FindLiveObjects: 2.321400 ms CreateObjectMapping: 4.092900 ms MarkObjects: 18.269900 ms  DeleteObjects: 8.849100 ms)

Prepare: number of updated asset objects reloaded= 0
========================================================================
Received Prepare
Refreshing native plugins compatible for Editor in 65.77 ms, found 4 plugins.
Preloading 0 native plugins for Editor in 0.00 ms.
Unloading 13 Unused Serialized files (Serialized files now loaded: 0)
Unloading 6874 unused Assets / (7.7 MB). Loaded Objects now: 7672.
Memory consumption went from 151.6 MB to 143.9 MB.
Total: 128.563600 ms (FindLiveObjects: 1.410000 ms CreateObjectMapping: 2.454000 ms MarkObjects: 16.677900 ms  DeleteObjects: 108.019400 ms)

Prepare: number of updated asset objects reloaded= 0
========================================================================
Received Prepare
Begin MonoManager ReloadAssembly
- Loaded All Assemblies, in  1.490 seconds
Refreshing native plugins compatible for Editor in 7.84 ms, found 4 plugins.
Native extension for Android target not found
Native extension for WindowsStandalone target not found
Native extension for WebGL target not found
Mono: successfully reloaded assembly
[Package Manager] Failed to launch server process. Reason: Unity was launched with the -noUpm command-line argument
[Package Manager] Unable to send message (not connected to server process).
[Package Manager] Cannot connect to Unity Package Manager local server
- Finished resetting the current domain, in  1.890 seconds
Domain Reload Profiling: 3381ms
	BeginReloadAssembly (435ms)
		ExecutionOrderSort (0ms)
		DisableScriptedObjects (23ms)
		BackupInstance (0ms)
		ReleaseScriptingObjects (0ms)
		CreateAndSetChildDomain (98ms)
	RebuildCommonClasses (81ms)
	RebuildNativeTypeToScriptingClass (26ms)
	initialDomainReloadingComplete (61ms)
	LoadAllAssembliesAndSetupDomain (886ms)
		LoadAssemblies (749ms)
		RebuildTransferFunctionScriptingTraits (0ms)
		AnalyzeDomain (387ms)
			TypeCache.Refresh (20ms)
				TypeCache.ScanAssembly (2ms)
			BuildScriptInfoCaches (339ms)
			ResolveRequiredComponents (21ms)
	FinalizeReload (1891ms)
		ReleaseScriptCaches (0ms)
		RebuildScriptCaches (0ms)
		SetupLoadedEditorAssemblies (1542ms)
			LogAssemblyErrors (0ms)
			InitializePlatformSupportModulesInManaged (20ms)
			SetLoadedEditorAssemblies (12ms)
			BeforeProcessingInitializeOnLoad (358ms)
			ProcessInitializeOnLoadAttributes (1042ms)
			ProcessInitializeOnLoadMethodAttributes (101ms)
			AfterProcessingInitializeOnLoad (9ms)
			EditorAssembliesLoaded (1ms)
		ExecutionOrderSort2 (0ms)
		AwakeInstancesAfterBackupRestoration (21ms)
Refreshing native plugins compatible for Editor in 14.81 ms, found 4 plugins.
Preloading 0 native plugins for Editor in 0.00 ms.
Unloading 13 Unused Serialized files (Serialized files now loaded: 0)
Unloading 6904 unused Assets / (4.6 MB). Loaded Objects now: 7674.
Memory consumption went from 151.6 MB to 147.0 MB.
Total: 26.373200 ms (FindLiveObjects: 1.676300 ms CreateObjectMapping: 2.127000 ms MarkObjects: 14.737300 ms  DeleteObjects: 7.828100 ms)

Prepare: number of updated asset objects reloaded= 0
========================================================================
Received Prepare
Begin MonoManager ReloadAssembly
- Loaded All Assemblies, in  1.299 seconds
Refreshing native plugins compatible for Editor in 7.43 ms, found 4 plugins.
Native extension for Android target not found
Native extension for WindowsStandalone target not found
Native extension for WebGL target not found
Mono: successfully reloaded assembly
[Package Manager] Failed to launch server process. Reason: Unity was launched with the -noUpm command-line argument
[Package Manager] Unable to send message (not connected to server process).
[Package Manager] Cannot connect to Unity Package Manager local server
- Finished resetting the current domain, in  1.596 seconds
Domain Reload Profiling: 2895ms
	BeginReloadAssembly (296ms)
		ExecutionOrderSort (0ms)
		DisableScriptedObjects (20ms)
		BackupInstance (0ms)
		ReleaseScriptingObjects (0ms)
		CreateAndSetChildDomain (80ms)
	RebuildCommonClasses (56ms)
	RebuildNativeTypeToScriptingClass (18ms)
	initialDomainReloadingComplete (52ms)
	LoadAllAssembliesAndSetupDomain (877ms)
		LoadAssemblies (653ms)
		RebuildTransferFunctionScriptingTraits (0ms)
		AnalyzeDomain (364ms)
			TypeCache.Refresh (14ms)
				TypeCache.ScanAssembly (0ms)
			BuildScriptInfoCaches (323ms)
			ResolveRequiredComponents (20ms)
	FinalizeReload (1596ms)
		ReleaseScriptCaches (0ms)
		RebuildScriptCaches (0ms)
		SetupLoadedEditorAssemblies (1293ms)
			LogAssemblyErrors (0ms)
			InitializePlatformSupportModulesInManaged (28ms)
			SetLoadedEditorAssemblies (14ms)
			BeforeProcessingInitializeOnLoad (322ms)
			ProcessInitializeOnLoadAttributes (817ms)
			ProcessInitializeOnLoadMethodAttributes (105ms)
			AfterProcessingInitializeOnLoad (8ms)
			EditorAssembliesLoaded (0ms)
		ExecutionOrderSort2 (0ms)
		AwakeInstancesAfterBackupRestoration (20ms)
Refreshing native plugins compatible for Editor in 34.19 ms, found 4 plugins.
Preloading 0 native plugins for Editor in 0.00 ms.
Unloading 13 Unused Serialized files (Serialized files now loaded: 0)
Unloading 6904 unused Assets / (6.5 MB). Loaded Objects now: 7676.
Memory consumption went from 151.6 MB to 145.1 MB.
Total: 47.032600 ms (FindLiveObjects: 1.977900 ms CreateObjectMapping: 1.994500 ms MarkObjects: 14.919000 ms  DeleteObjects: 28.136300 ms)

Prepare: number of updated asset objects reloaded= 0
========================================================================
Received Prepare
Begin MonoManager ReloadAssembly
- Loaded All Assemblies, in  3.356 seconds
Refreshing native plugins compatible for Editor in 11.18 ms, found 4 plugins.
Native extension for Android target not found
Native extension for WindowsStandalone target not found
Native extension for WebGL target not found
Mono: successfully reloaded assembly
[Package Manager] Failed to launch server process. Reason: Unity was launched with the -noUpm command-line argument
[Package Manager] Unable to send message (not connected to server process).
[Package Manager] Cannot connect to Unity Package Manager local server
- Finished resetting the current domain, in  2.418 seconds
Domain Reload Profiling: 5779ms
	BeginReloadAssembly (1307ms)
		ExecutionOrderSort (0ms)
		DisableScriptedObjects (160ms)
		BackupInstance (0ms)
		ReleaseScriptingObjects (1ms)
		CreateAndSetChildDomain (530ms)
	RebuildCommonClasses (102ms)
	RebuildNativeTypeToScriptingClass (24ms)
	initialDomainReloadingComplete (132ms)
	LoadAllAssembliesAndSetupDomain (1796ms)
		LoadAssemblies (1487ms)
		RebuildTransferFunctionScriptingTraits (0ms)
		AnalyzeDomain (637ms)
			TypeCache.Refresh (31ms)
				TypeCache.ScanAssembly (2ms)
			BuildScriptInfoCaches (560ms)
			ResolveRequiredComponents (36ms)
	FinalizeReload (2420ms)
		ReleaseScriptCaches (0ms)
		RebuildScriptCaches (0ms)
		SetupLoadedEditorAssemblies (1933ms)
			LogAssemblyErrors (0ms)
			InitializePlatformSupportModulesInManaged (26ms)
			SetLoadedEditorAssemblies (20ms)
			BeforeProcessingInitializeOnLoad (473ms)
			ProcessInitializeOnLoadAttributes (1222ms)
			ProcessInitializeOnLoadMethodAttributes (183ms)
			AfterProcessingInitializeOnLoad (9ms)
			EditorAssembliesLoaded (1ms)
		ExecutionOrderSort2 (0ms)
		AwakeInstancesAfterBackupRestoration (36ms)
Refreshing native plugins compatible for Editor in 14.36 ms, found 4 plugins.
Preloading 0 native plugins for Editor in 0.00 ms.
Unloading 13 Unused Serialized files (Serialized files now loaded: 0)
Unloading 6904 unused Assets / (5.0 MB). Loaded Objects now: 7678.
Memory consumption went from 151.6 MB to 146.6 MB.
Total: 42.262300 ms (FindLiveObjects: 1.544600 ms CreateObjectMapping: 1.752900 ms MarkObjects: 19.956600 ms  DeleteObjects: 18.999900 ms)

Prepare: number of updated asset objects reloaded= 0
========================================================================
Received Prepare
Begin MonoManager ReloadAssembly
- Loaded All Assemblies, in  1.994 seconds
Refreshing native plugins compatible for Editor in 5.53 ms, found 4 plugins.
Native extension for Android target not found
Native extension for WindowsStandalone target not found
Native extension for WebGL target not found
Mono: successfully reloaded assembly
[Package Manager] Failed to launch server process. Reason: Unity was launched with the -noUpm command-line argument
[Package Manager] Unable to send message (not connected to server process).
[Package Manager] Cannot connect to Unity Package Manager local server
- Finished resetting the current domain, in  1.808 seconds
Domain Reload Profiling: 3802ms
	BeginReloadAssembly (685ms)
		ExecutionOrderSort (0ms)
		DisableScriptedObjects (198ms)
		BackupInstance (0ms)
		ReleaseScriptingObjects (0ms)
		CreateAndSetChildDomain (223ms)
	RebuildCommonClasses (192ms)
	RebuildNativeTypeToScriptingClass (25ms)
	initialDomainReloadingComplete (128ms)
	LoadAllAssembliesAndSetupDomain (963ms)
		LoadAssemblies (686ms)
		RebuildTransferFunctionScriptingTraits (0ms)
		AnalyzeDomain (445ms)
			TypeCache.Refresh (17ms)
				TypeCache.ScanAssembly (1ms)
			BuildScriptInfoCaches (369ms)
			ResolveRequiredComponents (53ms)
	FinalizeReload (1808ms)
		ReleaseScriptCaches (0ms)
		RebuildScriptCaches (0ms)
		SetupLoadedEditorAssemblies (1257ms)
			LogAssemblyErrors (0ms)
			InitializePlatformSupportModulesInManaged (14ms)
			SetLoadedEditorAssemblies (43ms)
			BeforeProcessingInitializeOnLoad (248ms)
			ProcessInitializeOnLoadAttributes (863ms)
			ProcessInitializeOnLoadMethodAttributes (80ms)
			AfterProcessingInitializeOnLoad (9ms)
			EditorAssembliesLoaded (1ms)
		ExecutionOrderSort2 (0ms)
		AwakeInstancesAfterBackupRestoration (23ms)
Refreshing native plugins compatible for Editor in 8.22 ms, found 4 plugins.
Preloading 0 native plugins for Editor in 0.00 ms.
Unloading 13 Unused Serialized files (Serialized files now loaded: 0)
Unloading 6904 unused Assets / (8.6 MB). Loaded Objects now: 7680.
Memory consumption went from 151.6 MB to 143.0 MB.
Total: 30.949600 ms (FindLiveObjects: 1.062800 ms CreateObjectMapping: 1.111100 ms MarkObjects: 10.993600 ms  DeleteObjects: 17.778700 ms)

Prepare: number of updated asset objects reloaded= 0
========================================================================
Received Prepare
Begin MonoManager ReloadAssembly
- Loaded All Assemblies, in  2.009 seconds
Refreshing native plugins compatible for Editor in 13.07 ms, found 4 plugins.
Native extension for Android target not found
Native extension for WindowsStandalone target not found
Native extension for WebGL target not found
Mono: successfully reloaded assembly
[Package Manager] Failed to launch server process. Reason: Unity was launched with the -noUpm command-line argument
[Package Manager] Unable to send message (not connected to server process).
[Package Manager] Cannot connect to Unity Package Manager local server
- Finished resetting the current domain, in  2.066 seconds
Domain Reload Profiling: 4078ms
	BeginReloadAssembly (634ms)
		ExecutionOrderSort (0ms)
		DisableScriptedObjects (86ms)
		BackupInstance (0ms)
		ReleaseScriptingObjects (0ms)
		CreateAndSetChildDomain (283ms)
	RebuildCommonClasses (60ms)
	RebuildNativeTypeToScriptingClass (23ms)
	initialDomainReloadingComplete (85ms)
	LoadAllAssembliesAndSetupDomain (1210ms)
		LoadAssemblies (830ms)
		RebuildTransferFunctionScriptingTraits (0ms)
		AnalyzeDomain (550ms)
			TypeCache.Refresh (36ms)
				TypeCache.ScanAssembly (15ms)
			BuildScriptInfoCaches (485ms)
			ResolveRequiredComponents (22ms)
	FinalizeReload (2067ms)
		ReleaseScriptCaches (0ms)
		RebuildScriptCaches (0ms)
		SetupLoadedEditorAssemblies (1589ms)
			LogAssemblyErrors (0ms)
			InitializePlatformSupportModulesInManaged (20ms)
			SetLoadedEditorAssemblies (21ms)
			BeforeProcessingInitializeOnLoad (372ms)
			ProcessInitializeOnLoadAttributes (1041ms)
			ProcessInitializeOnLoadMethodAttributes (124ms)
			AfterProcessingInitializeOnLoad (10ms)
			EditorAssembliesLoaded (1ms)
		ExecutionOrderSort2 (0ms)
		AwakeInstancesAfterBackupRestoration (28ms)
Refreshing native plugins compatible for Editor in 15.67 ms, found 4 plugins.
Preloading 0 native plugins for Editor in 0.00 ms.
Unloading 13 Unused Serialized files (Serialized files now loaded: 0)
Unloading 6904 unused Assets / (8.5 MB). Loaded Objects now: 7682.
Memory consumption went from 151.6 MB to 143.2 MB.
Total: 89.631900 ms (FindLiveObjects: 1.502500 ms CreateObjectMapping: 2.089400 ms MarkObjects: 32.804900 ms  DeleteObjects: 53.231700 ms)

Prepare: number of updated asset objects reloaded= 0
========================================================================
Received Prepare
Begin MonoManager ReloadAssembly
- Loaded All Assemblies, in  1.981 seconds
Refreshing native plugins compatible for Editor in 10.89 ms, found 4 plugins.
Native extension for Android target not found
Native extension for WindowsStandalone target not found
Native extension for WebGL target not found
Mono: successfully reloaded assembly
[Package Manager] Failed to launch server process. Reason: Unity was launched with the -noUpm command-line argument
[Package Manager] Unable to send message (not connected to server process).
[Package Manager] Cannot connect to Unity Package Manager local server
- Finished resetting the current domain, in  2.609 seconds
Domain Reload Profiling: 4594ms
	BeginReloadAssembly (716ms)
		ExecutionOrderSort (0ms)
		DisableScriptedObjects (47ms)
		BackupInstance (0ms)
		ReleaseScriptingObjects (2ms)
		CreateAndSetChildDomain (327ms)
	RebuildCommonClasses (95ms)
	RebuildNativeTypeToScriptingClass (24ms)
	initialDomainReloadingComplete (60ms)
	LoadAllAssembliesAndSetupDomain (1088ms)
		LoadAssemblies (848ms)
		RebuildTransferFunctionScriptingTraits (0ms)
		AnalyzeDomain (452ms)
			TypeCache.Refresh (16ms)
				TypeCache.ScanAssembly (0ms)
			BuildScriptInfoCaches (387ms)
			ResolveRequiredComponents (40ms)
	FinalizeReload (2610ms)
		ReleaseScriptCaches (0ms)
		RebuildScriptCaches (0ms)
		SetupLoadedEditorAssemblies (2164ms)
			LogAssemblyErrors (0ms)
			InitializePlatformSupportModulesInManaged (26ms)
			SetLoadedEditorAssemblies (15ms)
			BeforeProcessingInitializeOnLoad (619ms)
			ProcessInitializeOnLoadAttributes (1354ms)
			ProcessInitializeOnLoadMethodAttributes (138ms)
			AfterProcessingInitializeOnLoad (11ms)
			EditorAssembliesLoaded (1ms)
		ExecutionOrderSort2 (0ms)
		AwakeInstancesAfterBackupRestoration (24ms)
Refreshing native plugins compatible for Editor in 23.13 ms, found 4 plugins.
Preloading 0 native plugins for Editor in 0.00 ms.
Unloading 13 Unused Serialized files (Serialized files now loaded: 0)
Unloading 6904 unused Assets / (8.6 MB). Loaded Objects now: 7684.
Memory consumption went from 151.6 MB to 143.0 MB.
Total: 56.458100 ms (FindLiveObjects: 2.031300 ms CreateObjectMapping: 3.271800 ms MarkObjects: 23.930100 ms  DeleteObjects: 26.567000 ms)

Prepare: number of updated asset objects reloaded= 0
========================================================================
Received Prepare
Begin MonoManager ReloadAssembly
- Loaded All Assemblies, in  2.552 seconds
Refreshing native plugins compatible for Editor in 11.68 ms, found 4 plugins.
Native extension for Android target not found
Native extension for WindowsStandalone target not found
Native extension for WebGL target not found
Mono: successfully reloaded assembly
[Package Manager] Failed to launch server process. Reason: Unity was launched with the -noUpm command-line argument
[Package Manager] Unable to send message (not connected to server process).
[Package Manager] Cannot connect to Unity Package Manager local server
- Finished resetting the current domain, in  3.447 seconds
Domain Reload Profiling: 5999ms
	BeginReloadAssembly (1113ms)
		ExecutionOrderSort (0ms)
		DisableScriptedObjects (114ms)
		BackupInstance (0ms)
		ReleaseScriptingObjects (0ms)
		CreateAndSetChildDomain (390ms)
	RebuildCommonClasses (215ms)
	RebuildNativeTypeToScriptingClass (31ms)
	initialDomainReloadingComplete (58ms)
	LoadAllAssembliesAndSetupDomain (1133ms)
		LoadAssemblies (1073ms)
		RebuildTransferFunctionScriptingTraits (0ms)
		AnalyzeDomain (509ms)
			TypeCache.Refresh (22ms)
				TypeCache.ScanAssembly (0ms)
			BuildScriptInfoCaches (440ms)
			ResolveRequiredComponents (38ms)
	FinalizeReload (3448ms)
		ReleaseScriptCaches (0ms)
		RebuildScriptCaches (0ms)
		SetupLoadedEditorAssemblies (2797ms)
			LogAssemblyErrors (0ms)
			InitializePlatformSupportModulesInManaged (29ms)
			SetLoadedEditorAssemblies (14ms)
			BeforeProcessingInitializeOnLoad (605ms)
			ProcessInitializeOnLoadAttributes (1895ms)
			ProcessInitializeOnLoadMethodAttributes (241ms)
			AfterProcessingInitializeOnLoad (12ms)
			EditorAssembliesLoaded (1ms)
		ExecutionOrderSort2 (0ms)
		AwakeInstancesAfterBackupRestoration (34ms)
Refreshing native plugins compatible for Editor in 28.00 ms, found 4 plugins.
Preloading 0 native plugins for Editor in 0.00 ms.
Unloading 13 Unused Serialized files (Serialized files now loaded: 0)
Unloading 6904 unused Assets / (8.8 MB). Loaded Objects now: 7686.
Memory consumption went from 151.6 MB to 142.8 MB.
Total: 67.525500 ms (FindLiveObjects: 1.554300 ms CreateObjectMapping: 3.093300 ms MarkObjects: 21.224700 ms  DeleteObjects: 41.649900 ms)

Prepare: number of updated asset objects reloaded= 0
========================================================================
Received Prepare
Begin MonoManager ReloadAssembly
- Loaded All Assemblies, in  2.358 seconds
Refreshing native plugins compatible for Editor in 9.02 ms, found 4 plugins.
Native extension for Android target not found
Native extension for WindowsStandalone target not found
Native extension for WebGL target not found
Mono: successfully reloaded assembly
[Package Manager] Failed to launch server process. Reason: Unity was launched with the -noUpm command-line argument
[Package Manager] Unable to send message (not connected to server process).
[Package Manager] Cannot connect to Unity Package Manager local server
- Finished resetting the current domain, in  2.905 seconds
Domain Reload Profiling: 5265ms
	BeginReloadAssembly (822ms)
		ExecutionOrderSort (0ms)
		DisableScriptedObjects (62ms)
		BackupInstance (0ms)
		ReleaseScriptingObjects (0ms)
		CreateAndSetChildDomain (364ms)
	RebuildCommonClasses (162ms)
	RebuildNativeTypeToScriptingClass (25ms)
	initialDomainReloadingComplete (71ms)
	LoadAllAssembliesAndSetupDomain (1279ms)
		LoadAssemblies (950ms)
		RebuildTransferFunctionScriptingTraits (0ms)
		AnalyzeDomain (573ms)
			TypeCache.Refresh (20ms)
				TypeCache.ScanAssembly (2ms)
			BuildScriptInfoCaches (525ms)
			ResolveRequiredComponents (21ms)
	FinalizeReload (2907ms)
		ReleaseScriptCaches (0ms)
		RebuildScriptCaches (0ms)
		SetupLoadedEditorAssemblies (2261ms)
			LogAssemblyErrors (0ms)
			InitializePlatformSupportModulesInManaged (32ms)
			SetLoadedEditorAssemblies (18ms)
			BeforeProcessingInitializeOnLoad (495ms)
			ProcessInitializeOnLoadAttributes (1497ms)
			ProcessInitializeOnLoadMethodAttributes (203ms)
			AfterProcessingInitializeOnLoad (15ms)
			EditorAssembliesLoaded (1ms)
		ExecutionOrderSort2 (0ms)
		AwakeInstancesAfterBackupRestoration (35ms)
Refreshing native plugins compatible for Editor in 14.23 ms, found 4 plugins.
Preloading 0 native plugins for Editor in 0.00 ms.
Unloading 13 Unused Serialized files (Serialized files now loaded: 0)
Unloading 6904 unused Assets / (4.2 MB). Loaded Objects now: 7688.
Memory consumption went from 151.6 MB to 147.4 MB.
Total: 47.537000 ms (FindLiveObjects: 1.554700 ms CreateObjectMapping: 1.976000 ms MarkObjects: 15.110400 ms  DeleteObjects: 28.886200 ms)

Prepare: number of updated asset objects reloaded= 0
========================================================================
Received Prepare
Begin MonoManager ReloadAssembly
- Loaded All Assemblies, in  1.964 seconds
Refreshing native plugins compatible for Editor in 8.36 ms, found 4 plugins.
Native extension for Android target not found
Native extension for WindowsStandalone target not found
Native extension for WebGL target not found
Mono: successfully reloaded assembly
[Package Manager] Failed to launch server process. Reason: Unity was launched with the -noUpm command-line argument
[Package Manager] Unable to send message (not connected to server process).
[Package Manager] Cannot connect to Unity Package Manager local server
- Finished resetting the current domain, in  3.634 seconds
Domain Reload Profiling: 5598ms
	BeginReloadAssembly (600ms)
		ExecutionOrderSort (0ms)
		DisableScriptedObjects (58ms)
		BackupInstance (0ms)
		ReleaseScriptingObjects (0ms)
		CreateAndSetChildDomain (133ms)
	RebuildCommonClasses (108ms)
	RebuildNativeTypeToScriptingClass (25ms)
	initialDomainReloadingComplete (96ms)
	LoadAllAssembliesAndSetupDomain (1134ms)
		LoadAssemblies (1008ms)
		RebuildTransferFunctionScriptingTraits (0ms)
		AnalyzeDomain (442ms)
			TypeCache.Refresh (13ms)
				TypeCache.ScanAssembly (0ms)
			BuildScriptInfoCaches (395ms)
			ResolveRequiredComponents (27ms)
	FinalizeReload (3635ms)
		ReleaseScriptCaches (0ms)
		RebuildScriptCaches (0ms)
		SetupLoadedEditorAssemblies (3131ms)
			LogAssemblyErrors (0ms)
			InitializePlatformSupportModulesInManaged (36ms)
			SetLoadedEditorAssemblies (15ms)
			BeforeProcessingInitializeOnLoad (470ms)
			ProcessInitializeOnLoadAttributes (2387ms)
			ProcessInitializeOnLoadMethodAttributes (206ms)
			AfterProcessingInitializeOnLoad (15ms)
			EditorAssembliesLoaded (1ms)
		ExecutionOrderSort2 (0ms)
		AwakeInstancesAfterBackupRestoration (42ms)
Refreshing native plugins compatible for Editor in 35.43 ms, found 4 plugins.
Preloading 0 native plugins for Editor in 0.00 ms.
Unloading 13 Unused Serialized files (Serialized files now loaded: 0)
Unloading 6904 unused Assets / (4.1 MB). Loaded Objects now: 7690.
Memory consumption went from 151.6 MB to 147.6 MB.
Total: 76.367800 ms (FindLiveObjects: 1.493000 ms CreateObjectMapping: 11.117000 ms MarkObjects: 19.990600 ms  DeleteObjects: 43.764500 ms)

Prepare: number of updated asset objects reloaded= 0
========================================================================
Received Prepare
Refreshing native plugins compatible for Editor in 17.10 ms, found 4 plugins.
Preloading 0 native plugins for Editor in 0.00 ms.
Unloading 13 Unused Serialized files (Serialized files now loaded: 0)
Unloading 6874 unused Assets / (4.6 MB). Loaded Objects now: 7690.
Memory consumption went from 151.6 MB to 147.0 MB.
Total: 45.370100 ms (FindLiveObjects: 1.261500 ms CreateObjectMapping: 1.622100 ms MarkObjects: 20.981500 ms  DeleteObjects: 21.502500 ms)

Prepare: number of updated asset objects reloaded= 0
